/* Generated from the user-supplied PNG exports; do not edit. */
#pragma once
#include <stdint.h>
typedef struct Bof3PromptIcon { int w,h; const uint16_t *pixels; } Bof3PromptIcon;
static const uint16_t icon_a_color[324] = {
    0x0000,0x0000,0x0000,0x0000,0x0000,0x0000,0x1e8a,0x1e8a,0x1e8a,0x1e8a,0x1e8a,0x1e8a,0x0000,0x0000,0x0000,0x0000,
    0x0000,0x0000,0x0000,0x0000,0x0000,0x0000,0x1e8a,0x1e8a,0x1e8a,0x1e8a,0x1e8a,0x1e8a,0x1e8a,0x1e8a,0x1e8a,0x1e8a,
    0x0000,0x0000,0x0000,0x0000,0x0000,0x0000,0x0000,0x1e8a,0x1e8a,0x1e8a,0x1e8a,0x1e8a,0x1e8a,0x1e8a,0x1e8a,0x1e8a,
    0x1e8a,0x1e8a,0x1e8a,0x0000,0x0000,0x0000,0x0000,0x0000,0x1e8a,0x1e8a,0x1e8a,0x1e8a,0x1e8a,0x1e8a,0x1e8a,0x1e8a,
    0x1e8a,0x1e8a,0x1e8a,0x1e8a,0x1e8a,0x1e8a,0x0000,0x0000,0x0000,0x1e8a,0x1e8a,0x1e8a,0x1e8a,0x1e8a,0x1e8a,0x1e49,
    0x1987,0x1987,0x1e29,0x1e8a,0x1e8a,0x1e8a,0x1e8a,0x1e8a,0x1e8a,0x0000,0x0000,0x1e8a,0x1e8a,0x1e8a,0x1e8a,0x1e8a,
    0x1e8a,0x1946,0x1483,0x1483,0x1525,0x1e8a,0x1e8a,0x1e8a,0x1e8a,0x1e8a,0x1e8a,0x0000,0x1e8a,0x1e8a,0x1e8a,0x1e8a,
    0x1e8a,0x1e8a,0x1e8a,0x14c4,0x1483,0x1483,0x14a4,0x1e6a,0x1e8a,0x1e8a,0x1e8a,0x1e8a,0x1e8a,0x1e8a,0x1e8a,0x1e8a,
    0x1e8a,0x1e8a,0x1e8a,0x1e8a,0x1a08,0x1483,0x1505,0x1505,0x1483,0x19c7,0x1e8a,0x1e8a,0x1e8a,0x1e8a,0x1e8a,0x1e8a,
    0x1e8a,0x1e8a,0x1e8a,0x1e8a,0x1e8a,0x1e8a,0x1946,0x1483,0x19c8,0x19a7,0x1483,0x1505,0x1e8a,0x1e8a,0x1e8a,0x1e8a,
    0x1e8a,0x1e8a,0x1e8a,0x1e8a,0x1e8a,0x1e8a,0x1e8a,0x1e6a,0x1483,0x1483,0x1a08,0x1e29,0x1483,0x1483,0x1e6a,0x1e8a,
    0x1e8a,0x1e8a,0x1e8a,0x1e8a,0x1e8a,0x1e8a,0x1e8a,0x1e8a,0x1e8a,0x19c7,0x1483,0x1483,0x1483,0x1483,0x1483,0x1483,
    0x19a7,0x1e8a,0x1e8a,0x1e8a,0x1e8a,0x1e8a,0x1e8a,0x1e8a,0x1e8a,0x1e8a,0x1e8a,0x1505,0x1483,0x14e4,0x1946,0x1946,
    0x1505,0x1483,0x1505,0x1e8a,0x1e8a,0x1e8a,0x1e8a,0x1e8a,0x0000,0x1e8a,0x1e8a,0x1e8a,0x1e49,0x1483,0x1483,0x1e29,
    0x1e8a,0x1e8a,0x1e49,0x1483,0x1483,0x1e49,0x1e8a,0x1e8a,0x1e8a,0x0000,0x0000,0x1e8a,0x1e8a,0x1e8a,0x1e29,0x1946,
    0x1946,0x1e8a,0x1e8a,0x1e8a,0x1e8a,0x1966,0x1946,0x1a08,0x1e8a,0x1e8a,0x1e8a,0x0000,0x0000,0x0000,0x1e8a,0x1e8a,
    0x1e8a,0x1e8a,0x1e8a,0x1e8a,0x1e8a,0x1e8a,0x1e8a,0x1e8a,0x1e8a,0x1e8a,0x1e8a,0x1e8a,0x0000,0x0000,0x0000,0x0000,
    0x0000,0x1e8a,0x1e8a,0x1e8a,0x1e8a,0x1e8a,0x1e8a,0x1e8a,0x1e8a,0x1e8a,0x1e8a,0x1e8a,0x1e8a,0x0000,0x0000,0x0000,
    0x0000,0x0000,0x0000,0x0000,0x1e8a,0x1e8a,0x1e8a,0x1e8a,0x1e8a,0x1e8a,0x1e8a,0x1e8a,0x1e8a,0x1e8a,0x0000,0x0000,
    0x0000,0x0000,0x0000,0x0000,0x0000,0x0000,0x0000,0x0000,0x1e8a,0x1e8a,0x1e8a,0x1e8a,0x1e8a,0x1e8a,0x0000,0x0000,
    0x0000,0x0000,0x0000,0x0000,
};
static const uint16_t icon_b_color[324] = {
    0x0000,0x0000,0x0000,0x0000,0x0000,0x0000,0x105b,0x105b,0x105b,0x105b,0x105b,0x105b,0x0000,0x0000,0x0000,0x0000,
    0x0000,0x0000,0x0000,0x0000,0x0000,0x0000,0x105b,0x105b,0x105b,0x105b,0x105b,0x105b,0x105b,0x105b,0x105b,0x105b,
    0x0000,0x0000,0x0000,0x0000,0x0000,0x0000,0x0000,0x105b,0x105b,0x105b,0x105b,0x105b,0x105b,0x105b,0x105b,0x105b,
    0x105b,0x105b,0x105b,0x0000,0x0000,0x0000,0x0000,0x0000,0x105b,0x105b,0x105b,0x105b,0x105b,0x105b,0x105b,0x105b,
    0x105b,0x105b,0x105b,0x105b,0x105b,0x105b,0x0000,0x0000,0x0000,0x105b,0x105b,0x105b,0x105b,0x1079,0x1072,0x1072,
    0x1072,0x1075,0x1076,0x105b,0x105b,0x105b,0x105b,0x105b,0x105b,0x0000,0x0000,0x105b,0x105b,0x105b,0x105b,0x1078,
    0x1483,0x1483,0x1483,0x1483,0x1483,0x146a,0x105b,0x105b,0x105b,0x105b,0x105b,0x0000,0x105b,0x105b,0x105b,0x105b,
    0x105b,0x1078,0x1483,0x1483,0x1072,0x106f,0x1483,0x1483,0x1075,0x105b,0x105b,0x105b,0x105b,0x105b,0x105b,0x105b,
    0x105b,0x105b,0x105b,0x1078,0x1483,0x1483,0x105b,0x1079,0x1483,0x1483,0x1075,0x105b,0x105b,0x105b,0x105b,0x105b,
    0x105b,0x105b,0x105b,0x105b,0x105b,0x1078,0x1483,0x1483,0x1469,0x1484,0x1483,0x1070,0x105b,0x105b,0x105b,0x105b,
    0x105b,0x105b,0x105b,0x105b,0x105b,0x105b,0x105b,0x1078,0x1483,0x1483,0x1486,0x1483,0x1483,0x1466,0x1078,0x105b,
    0x105b,0x105b,0x105b,0x105b,0x105b,0x105b,0x105b,0x105b,0x105b,0x1078,0x1483,0x1483,0x105b,0x105b,0x1469,0x1483,
    0x146d,0x105b,0x105b,0x105b,0x105b,0x105b,0x105b,0x105b,0x105b,0x105b,0x105b,0x1078,0x1483,0x1483,0x105b,0x105b,
    0x1469,0x1483,0x146c,0x105b,0x105b,0x105b,0x105b,0x105b,0x0000,0x105b,0x105b,0x105b,0x105b,0x1078,0x1483,0x1483,
    0x1486,0x1484,0x1483,0x1483,0x1076,0x105b,0x105b,0x105b,0x105b,0x0000,0x0000,0x105b,0x105b,0x105b,0x105b,0x1078,
    0x1469,0x1469,0x1469,0x1469,0x146c,0x1075,0x105b,0x105b,0x105b,0x105b,0x105b,0x0000,0x0000,0x0000,0x105b,0x105b,
    0x105b,0x105b,0x105b,0x105b,0x105b,0x105b,0x105b,0x105b,0x105b,0x105b,0x105b,0x105b,0x0000,0x0000,0x0000,0x0000,
    0x0000,0x105b,0x105b,0x105b,0x105b,0x105b,0x105b,0x105b,0x105b,0x105b,0x105b,0x105b,0x105b,0x0000,0x0000,0x0000,
    0x0000,0x0000,0x0000,0x0000,0x105b,0x105b,0x105b,0x105b,0x105b,0x105b,0x105b,0x105b,0x105b,0x105b,0x0000,0x0000,
    0x0000,0x0000,0x0000,0x0000,0x0000,0x0000,0x0000,0x0000,0x105b,0x105b,0x105b,0x105b,0x105b,0x105b,0x0000,0x0000,
    0x0000,0x0000,0x0000,0x0000,
};
static const uint16_t icon_x_color[324] = {
    0x0000,0x0000,0x0000,0x0000,0x0000,0x0000,0x6660,0x6660,0x6660,0x6660,0x6660,0x6660,0x0000,0x0000,0x0000,0x0000,
    0x0000,0x0000,0x0000,0x0000,0x0000,0x0000,0x6660,0x6660,0x6660,0x6660,0x6660,0x6660,0x6660,0x6660,0x6660,0x6660,
    0x0000,0x0000,0x0000,0x0000,0x0000,0x0000,0x0000,0x6660,0x6660,0x6660,0x6660,0x6660,0x6660,0x6660,0x6660,0x6660,
    0x6660,0x6660,0x6660,0x0000,0x0000,0x0000,0x0000,0x0000,0x6660,0x6660,0x6660,0x6660,0x6660,0x6660,0x6660,0x6660,
    0x6660,0x6660,0x6660,0x6660,0x6660,0x6660,0x0000,0x0000,0x0000,0x6660,0x6660,0x6660,0x6660,0x3d62,0x3d62,0x49c1,
    0x6660,0x6660,0x51e1,0x3d62,0x3d62,0x6660,0x6660,0x6660,0x6660,0x0000,0x0000,0x6660,0x6660,0x6660,0x6660,0x3d62,
    0x1483,0x18a3,0x5e40,0x6660,0x1cc3,0x1483,0x3d61,0x6660,0x6660,0x6660,0x6660,0x0000,0x6660,0x6660,0x6660,0x6660,
    0x6660,0x5e40,0x18a3,0x1483,0x3d62,0x45a1,0x1483,0x1cc3,0x6660,0x6660,0x6660,0x6660,0x6660,0x6660,0x6660,0x6660,
    0x6660,0x6660,0x6660,0x6660,0x45a1,0x1483,0x18a3,0x1cc3,0x1483,0x45a1,0x6660,0x6660,0x6660,0x6660,0x6660,0x6660,
    0x6660,0x6660,0x6660,0x6660,0x6660,0x6660,0x6660,0x28e2,0x1483,0x1483,0x3122,0x6660,0x6660,0x6660,0x6660,0x6660,
    0x6660,0x6660,0x6660,0x6660,0x6660,0x6660,0x6660,0x6660,0x6660,0x1cc3,0x1483,0x1483,0x28e2,0x6660,0x6660,0x6660,
    0x6660,0x6660,0x6660,0x6660,0x6660,0x6660,0x6660,0x6660,0x6660,0x6660,0x4181,0x1483,0x1cc3,0x18a3,0x1483,0x51e1,
    0x6660,0x6660,0x6660,0x6660,0x6660,0x6660,0x6660,0x6660,0x6660,0x6660,0x6660,0x5a20,0x1cc3,0x1483,0x45a1,0x3d62,
    0x1483,0x1cc3,0x5e40,0x6660,0x6660,0x6660,0x6660,0x6660,0x0000,0x6660,0x6660,0x6660,0x6660,0x3122,0x1483,0x1cc3,
    0x6660,0x5e40,0x18a3,0x1483,0x3d62,0x6660,0x6660,0x6660,0x6660,0x0000,0x0000,0x6660,0x6660,0x6660,0x5601,0x3122,
    0x3122,0x5600,0x6660,0x6660,0x45a1,0x3122,0x3942,0x6660,0x6660,0x6660,0x6660,0x0000,0x0000,0x0000,0x6660,0x6660,
    0x6660,0x6660,0x6660,0x6660,0x6660,0x6660,0x6660,0x6660,0x6660,0x6660,0x6660,0x6660,0x0000,0x0000,0x0000,0x0000,
    0x0000,0x6660,0x6660,0x6660,0x6660,0x6660,0x6660,0x6660,0x6660,0x6660,0x6660,0x6660,0x6660,0x0000,0x0000,0x0000,
    0x0000,0x0000,0x0000,0x0000,0x6660,0x6660,0x6660,0x6660,0x6660,0x6660,0x6660,0x6660,0x6660,0x6660,0x0000,0x0000,
    0x0000,0x0000,0x0000,0x0000,0x0000,0x0000,0x0000,0x0000,0x6660,0x6660,0x6660,0x6660,0x6660,0x6660,0x0000,0x0000,
    0x0000,0x0000,0x0000,0x0000,
};
static const uint16_t icon_y_color[324] = {
    0x0000,0x0000,0x0000,0x0000,0x0000,0x0000,0x0b5e,0x0b5e,0x0b5e,0x0b5e,0x0b5e,0x0b5e,0x0000,0x0000,0x0000,0x0000,
    0x0000,0x0000,0x0000,0x0000,0x0000,0x0000,0x0b5e,0x0b5e,0x0b5e,0x0b5e,0x0b5e,0x0b5e,0x0b5e,0x0b5e,0x0b5e,0x0b5e,
    0x0000,0x0000,0x0000,0x0000,0x0000,0x0000,0x0000,0x0b5e,0x0b5e,0x0b5e,0x0b5e,0x0b5e,0x0b5e,0x0b5e,0x0b5e,0x0b5e,
    0x0b5e,0x0b5e,0x0b5e,0x0000,0x0000,0x0000,0x0000,0x0000,0x0b5e,0x0b5e,0x0b5e,0x0b5e,0x0b5e,0x0b5e,0x0b5e,0x0b5e,
    0x0b5e,0x0b5e,0x0b5e,0x0b5e,0x0b5e,0x0b5e,0x0000,0x0000,0x0000,0x0b5e,0x0b5e,0x0b5e,0x0b5e,0x0afa,0x0afa,0x0b3c,
    0x0b5e,0x0b5e,0x0b3c,0x0afa,0x0afa,0x0b5e,0x0b5e,0x0b5e,0x0b5e,0x0000,0x0000,0x0b5e,0x0b5e,0x0b5e,0x0b5e,0x112a,
    0x1483,0x112a,0x0b5e,0x0b5e,0x118d,0x1483,0x118d,0x0b5e,0x0b5e,0x0b5e,0x0b5e,0x0000,0x0b5e,0x0b5e,0x0b5e,0x0b5e,
    0x0b5e,0x0eb7,0x1483,0x1483,0x0b3c,0x0afa,0x1483,0x1483,0x0afa,0x0b5e,0x0b5e,0x0b5e,0x0b5e,0x0b5e,0x0b5e,0x0b5e,
    0x0b5e,0x0b5e,0x0b5e,0x0b5e,0x112a,0x1483,0x0df0,0x11cf,0x1483,0x118d,0x0b5e,0x0b5e,0x0b5e,0x0b5e,0x0b5e,0x0b5e,
    0x0b5e,0x0b5e,0x0b5e,0x0b5e,0x0b5e,0x0b5e,0x0eb7,0x1483,0x14a5,0x10c6,0x1483,0x0afa,0x0b5e,0x0b5e,0x0b5e,0x0b5e,
    0x0b5e,0x0b5e,0x0b5e,0x0b5e,0x0b5e,0x0b5e,0x0b5e,0x0b5e,0x0b5e,0x112a,0x1483,0x1483,0x118d,0x0b5e,0x0b5e,0x0b5e,
    0x0b5e,0x0b5e,0x0b5e,0x0b5e,0x0b5e,0x0b5e,0x0b5e,0x0b5e,0x0b5e,0x0b5e,0x0b5e,0x0eb7,0x1483,0x1483,0x0afa,0x0b5e,
    0x0b5e,0x0b5e,0x0b5e,0x0b5e,0x0b5e,0x0b5e,0x0b5e,0x0b5e,0x0b5e,0x0b5e,0x0b5e,0x0b5e,0x0b5e,0x0afa,0x1483,0x1483,
    0x0b5e,0x0b5e,0x0b5e,0x0b5e,0x0b5e,0x0b5e,0x0b5e,0x0b5e,0x0000,0x0b5e,0x0b5e,0x0b5e,0x0b5e,0x0b5e,0x0b5e,0x0afa,
    0x1483,0x1483,0x0b5e,0x0b5e,0x0b5e,0x0b5e,0x0b5e,0x0b5e,0x0b5e,0x0000,0x0000,0x0b5e,0x0b5e,0x0b5e,0x0b5e,0x0b5e,
    0x0b5e,0x0afa,0x1483,0x1483,0x0b5e,0x0b5e,0x0b5e,0x0b5e,0x0b5e,0x0b5e,0x0b5e,0x0000,0x0000,0x0000,0x0b5e,0x0b5e,
    0x0b5e,0x0b5e,0x0b5e,0x0b5e,0x0b5e,0x0b5e,0x0b5e,0x0b5e,0x0b5e,0x0b5e,0x0b5e,0x0b5e,0x0000,0x0000,0x0000,0x0000,
    0x0000,0x0b5e,0x0b5e,0x0b5e,0x0b5e,0x0b5e,0x0b5e,0x0b5e,0x0b5e,0x0b5e,0x0b5e,0x0b5e,0x0b5e,0x0000,0x0000,0x0000,
    0x0000,0x0000,0x0000,0x0000,0x0b5e,0x0b5e,0x0b5e,0x0b5e,0x0b5e,0x0b5e,0x0b5e,0x0b5e,0x0b5e,0x0b5e,0x0000,0x0000,
    0x0000,0x0000,0x0000,0x0000,0x0000,0x0000,0x0000,0x0000,0x0b5e,0x0b5e,0x0b5e,0x0b5e,0x0b5e,0x0b5e,0x0000,0x0000,
    0x0000,0x0000,0x0000,0x0000,
};
static const uint16_t icon_a_solid[324] = {
    0x0000,0x0000,0x0000,0x0000,0x0000,0x0000,0x7b9a,0x7b9a,0x7b9a,0x7b9a,0x7b9a,0x7b9a,0x0000,0x0000,0x0000,0x0000,
    0x0000,0x0000,0x0000,0x0000,0x0000,0x0000,0x7b9a,0x7b9a,0x7b9a,0x7b9a,0x7b9a,0x7b9a,0x7b9a,0x7b9a,0x7b9a,0x7b9a,
    0x0000,0x0000,0x0000,0x0000,0x0000,0x0000,0x0000,0x7b9a,0x7b9a,0x7b9a,0x7b9a,0x7b9a,0x7b9a,0x7b9a,0x7b9a,0x7b9a,
    0x7b9a,0x7b9a,0x7b9a,0x0000,0x0000,0x0000,0x0000,0x0000,0x7b9a,0x7b9a,0x7b9a,0x7b9a,0x7b9a,0x7b9a,0x7b9a,0x7b9a,
    0x7b9a,0x7b9a,0x7b9a,0x7b9a,0x7b9a,0x7b9a,0x0000,0x0000,0x0000,0x7b9a,0x7b9a,0x7b9a,0x7b9a,0x7b9a,0x7b9a,0x6f37,
    0x4a0f,0x4a0f,0x6af6,0x7b9a,0x7b9a,0x7b9a,0x7b9a,0x7b9a,0x7b9a,0x0000,0x0000,0x7b9a,0x7b9a,0x7b9a,0x7b9a,0x7b9a,
    0x7b9a,0x39ac,0x1483,0x1483,0x356a,0x7b9a,0x7b9a,0x7b9a,0x7b9a,0x7b9a,0x7b9a,0x0000,0x7b9a,0x7b9a,0x7b9a,0x7b9a,
    0x7b9a,0x7b9a,0x7b9a,0x20e6,0x1483,0x1483,0x18a5,0x7759,0x7b9a,0x7b9a,0x7b9a,0x7b9a,0x7b9a,0x7b9a,0x7b9a,0x7b9a,
    0x7b9a,0x7b9a,0x7b9a,0x7b9a,0x62d4,0x1483,0x2d49,0x2d49,0x1483,0x5672,0x7b9a,0x7b9a,0x7b9a,0x7b9a,0x7b9a,0x7b9a,
    0x7b9a,0x7b9a,0x7b9a,0x7b9a,0x7b9a,0x7b9a,0x39ac,0x1483,0x5672,0x4e30,0x1483,0x2d49,0x7b9a,0x7b9a,0x7b9a,0x7b9a,
    0x7b9a,0x7b9a,0x7b9a,0x7b9a,0x7b9a,0x7b9a,0x7b9a,0x7759,0x1483,0x1483,0x62d5,0x6af6,0x1483,0x1483,0x7759,0x7b9a,
    0x7b9a,0x7b9a,0x7b9a,0x7b9a,0x7b9a,0x7b9a,0x7b9a,0x7b9a,0x7b9a,0x5672,0x1483,0x1483,0x1483,0x1483,0x1483,0x1483,
    0x4e30,0x7b9a,0x7b9a,0x7b9a,0x7b9a,0x7b9a,0x7b9a,0x7b9a,0x7b9a,0x7b9a,0x7b9a,0x2d49,0x1483,0x2907,0x39ac,0x39ac,
    0x2d49,0x1483,0x2d49,0x7b9a,0x7b9a,0x7b9a,0x7b9a,0x7b9a,0x0000,0x7b9a,0x7b9a,0x7b9a,0x6f37,0x1483,0x1483,0x6af6,
    0x7b9a,0x7b9a,0x6f37,0x1483,0x1483,0x6f37,0x7b9a,0x7b9a,0x7b9a,0x0000,0x0000,0x7b9a,0x7b9a,0x7b9a,0x6af6,0x39ac,
    0x39ac,0x7b9a,0x7b9a,0x7b9a,0x7b9a,0x41cd,0x39ac,0x62d5,0x7b9a,0x7b9a,0x7b9a,0x0000,0x0000,0x0000,0x7b9a,0x7b9a,
    0x7b9a,0x7b9a,0x7b9a,0x7b9a,0x7b9a,0x7b9a,0x7b9a,0x7b9a,0x7b9a,0x7b9a,0x7b9a,0x7b9a,0x0000,0x0000,0x0000,0x0000,
    0x0000,0x7b9a,0x7b9a,0x7b9a,0x7b9a,0x7b9a,0x7b9a,0x7b9a,0x7b9a,0x7b9a,0x7b9a,0x7b9a,0x7b9a,0x0000,0x0000,0x0000,
    0x0000,0x0000,0x0000,0x0000,0x7b9a,0x7b9a,0x7b9a,0x7b9a,0x7b9a,0x7b9a,0x7b9a,0x7b9a,0x7b9a,0x7b9a,0x0000,0x0000,
    0x0000,0x0000,0x0000,0x0000,0x0000,0x0000,0x0000,0x0000,0x7b9a,0x7b9a,0x7b9a,0x7b9a,0x7b9a,0x7b9a,0x0000,0x0000,
    0x0000,0x0000,0x0000,0x0000,
};
static const uint16_t icon_b_solid[324] = {
    0x0000,0x0000,0x0000,0x0000,0x0000,0x0000,0x7b9a,0x7b9a,0x7b9a,0x7b9a,0x7b9a,0x7b9a,0x0000,0x0000,0x0000,0x0000,
    0x0000,0x0000,0x0000,0x0000,0x0000,0x0000,0x7b9a,0x7b9a,0x7b9a,0x7b9a,0x7b9a,0x7b9a,0x7b9a,0x7b9a,0x7b9a,0x7b9a,
    0x0000,0x0000,0x0000,0x0000,0x0000,0x0000,0x0000,0x7b9a,0x7b9a,0x7b9a,0x7b9a,0x7b9a,0x7b9a,0x7b9a,0x7b9a,0x7b9a,
    0x7b9a,0x7b9a,0x7b9a,0x0000,0x0000,0x0000,0x0000,0x0000,0x7b9a,0x7b9a,0x7b9a,0x7b9a,0x7b9a,0x7b9a,0x7b9a,0x7b9a,
    0x7b9a,0x7b9a,0x7b9a,0x7b9a,0x7b9a,0x7b9a,0x0000,0x0000,0x0000,0x7b9a,0x7b9a,0x7b9a,0x7b9a,0x7759,0x5672,0x5672,
    0x5672,0x62d5,0x6af6,0x7b9a,0x7b9a,0x7b9a,0x7b9a,0x7b9a,0x7b9a,0x0000,0x0000,0x7b9a,0x7b9a,0x7b9a,0x7b9a,0x6f37,
    0x1483,0x1483,0x1483,0x1483,0x1483,0x356a,0x7b9a,0x7b9a,0x7b9a,0x7b9a,0x7b9a,0x0000,0x7b9a,0x7b9a,0x7b9a,0x7b9a,
    0x7b9a,0x6f37,0x1483,0x1483,0x5672,0x4a0f,0x1483,0x1483,0x62d5,0x7b9a,0x7b9a,0x7b9a,0x7b9a,0x7b9a,0x7b9a,0x7b9a,
    0x7b9a,0x7b9a,0x7b9a,0x6f37,0x1483,0x1483,0x7b9a,0x7759,0x1483,0x1483,0x62d5,0x7b9a,0x7b9a,0x7b9a,0x7b9a,0x7b9a,
    0x7b9a,0x7b9a,0x7b9a,0x7b9a,0x7b9a,0x6f37,0x1483,0x1483,0x2d49,0x18a4,0x1483,0x4e30,0x7b9a,0x7b9a,0x7b9a,0x7b9a,
    0x7b9a,0x7b9a,0x7b9a,0x7b9a,0x7b9a,0x7b9a,0x7b9a,0x6f37,0x1483,0x1483,0x20e6,0x1483,0x1483,0x20e6,0x6f37,0x7b9a,
    0x7b9a,0x7b9a,0x7b9a,0x7b9a,0x7b9a,0x7b9a,0x7b9a,0x7b9a,0x7b9a,0x6f37,0x1483,0x1483,0x7b9a,0x7b9a,0x2d49,0x1483,
    0x41cd,0x7b9a,0x7b9a,0x7b9a,0x7b9a,0x7b9a,0x7b9a,0x7b9a,0x7b9a,0x7b9a,0x7b9a,0x6f37,0x1483,0x1483,0x7b9a,0x7b9a,
    0x2d49,0x1483,0x39ac,0x7b9a,0x7b9a,0x7b9a,0x7b9a,0x7b9a,0x0000,0x7b9a,0x7b9a,0x7b9a,0x7b9a,0x6f37,0x1483,0x1483,
    0x20e6,0x18a4,0x1483,0x1483,0x6af6,0x7b9a,0x7b9a,0x7b9a,0x7b9a,0x0000,0x0000,0x7b9a,0x7b9a,0x7b9a,0x7b9a,0x6f37,
    0x2d49,0x2d49,0x2d49,0x2d49,0x39ac,0x62d5,0x7b9a,0x7b9a,0x7b9a,0x7b9a,0x7b9a,0x0000,0x0000,0x0000,0x7b9a,0x7b9a,
    0x7b9a,0x7b9a,0x7b9a,0x7b9a,0x7b9a,0x7b9a,0x7b9a,0x7b9a,0x7b9a,0x7b9a,0x7b9a,0x7b9a,0x0000,0x0000,0x0000,0x0000,
    0x0000,0x7b9a,0x7b9a,0x7b9a,0x7b9a,0x7b9a,0x7b9a,0x7b9a,0x7b9a,0x7b9a,0x7b9a,0x7b9a,0x7b9a,0x0000,0x0000,0x0000,
    0x0000,0x0000,0x0000,0x0000,0x7b9a,0x7b9a,0x7b9a,0x7b9a,0x7b9a,0x7b9a,0x7b9a,0x7b9a,0x7b9a,0x7b9a,0x0000,0x0000,
    0x0000,0x0000,0x0000,0x0000,0x0000,0x0000,0x0000,0x0000,0x7b9a,0x7b9a,0x7b9a,0x7b9a,0x7b9a,0x7b9a,0x0000,0x0000,
    0x0000,0x0000,0x0000,0x0000,
};
static const uint16_t icon_x_solid[324] = {
    0x0000,0x0000,0x0000,0x0000,0x0000,0x0000,0x7b9a,0x7b9a,0x7b9a,0x7b9a,0x7b9a,0x7b9a,0x0000,0x0000,0x0000,0x0000,
    0x0000,0x0000,0x0000,0x0000,0x0000,0x0000,0x7b9a,0x7b9a,0x7b9a,0x7b9a,0x7b9a,0x7b9a,0x7b9a,0x7b9a,0x7b9a,0x7b9a,
    0x0000,0x0000,0x0000,0x0000,0x0000,0x0000,0x0000,0x7b9a,0x7b9a,0x7b9a,0x7b9a,0x7b9a,0x7b9a,0x7b9a,0x7b9a,0x7b9a,
    0x7b9a,0x7b9a,0x7b9a,0x0000,0x0000,0x0000,0x0000,0x0000,0x7b9a,0x7b9a,0x7b9a,0x7b9a,0x7b9a,0x7b9a,0x7b9a,0x7b9a,
    0x7b9a,0x7b9a,0x7b9a,0x7b9a,0x7b9a,0x7b9a,0x0000,0x0000,0x0000,0x7b9a,0x7b9a,0x7b9a,0x7b9a,0x4a0f,0x4a0f,0x5a93,
    0x7b9a,0x7b9a,0x62d4,0x4a0f,0x4a0f,0x7b9a,0x7b9a,0x7b9a,0x7b9a,0x0000,0x0000,0x7b9a,0x7b9a,0x7b9a,0x7b9a,0x4a0f,
    0x1483,0x18a5,0x7759,0x7b9a,0x20e6,0x1483,0x4a0f,0x7b9a,0x7b9a,0x7b9a,0x7b9a,0x0000,0x7b9a,0x7b9a,0x7b9a,0x7b9a,
    0x7b9a,0x7759,0x18a4,0x1483,0x4a0f,0x5672,0x1483,0x20e6,0x7b9a,0x7b9a,0x7b9a,0x7b9a,0x7b9a,0x7b9a,0x7b9a,0x7b9a,
    0x7b9a,0x7b9a,0x7b9a,0x7b9a,0x5672,0x1483,0x18a5,0x20e6,0x1483,0x5672,0x7b9a,0x7b9a,0x7b9a,0x7b9a,0x7b9a,0x7b9a,
    0x7b9a,0x7b9a,0x7b9a,0x7b9a,0x7b9a,0x7b9a,0x7b9a,0x2d49,0x1483,0x1483,0x39ac,0x7b9a,0x7b9a,0x7b9a,0x7b9a,0x7b9a,
    0x7b9a,0x7b9a,0x7b9a,0x7b9a,0x7b9a,0x7b9a,0x7b9a,0x7b9a,0x7b9a,0x20e6,0x1483,0x1483,0x2d49,0x7b9a,0x7b9a,0x7b9a,
    0x7b9a,0x7b9a,0x7b9a,0x7b9a,0x7b9a,0x7b9a,0x7b9a,0x7b9a,0x7b9a,0x7b9a,0x4e30,0x1483,0x20e6,0x18a4,0x1483,0x62d5,
    0x7b9a,0x7b9a,0x7b9a,0x7b9a,0x7b9a,0x7b9a,0x7b9a,0x7b9a,0x7b9a,0x7b9a,0x7b9a,0x6f37,0x20e6,0x1483,0x5672,0x4a0f,
    0x1483,0x20e6,0x7759,0x7b9a,0x7b9a,0x7b9a,0x7b9a,0x7b9a,0x0000,0x7b9a,0x7b9a,0x7b9a,0x7b9a,0x39ac,0x1483,0x20e6,
    0x7b9a,0x7759,0x18a4,0x1483,0x4a0f,0x7b9a,0x7b9a,0x7b9a,0x7b9a,0x0000,0x0000,0x7b9a,0x7b9a,0x7b9a,0x6af6,0x39ac,
    0x39ac,0x6af6,0x7b9a,0x7b9a,0x5672,0x39ac,0x41cd,0x7b9a,0x7b9a,0x7b9a,0x7b9a,0x0000,0x0000,0x0000,0x7b9a,0x7b9a,
    0x7b9a,0x7b9a,0x7b9a,0x7b9a,0x7b9a,0x7b9a,0x7b9a,0x7b9a,0x7b9a,0x7b9a,0x7b9a,0x7b9a,0x0000,0x0000,0x0000,0x0000,
    0x0000,0x7b9a,0x7b9a,0x7b9a,0x7b9a,0x7b9a,0x7b9a,0x7b9a,0x7b9a,0x7b9a,0x7b9a,0x7b9a,0x7b9a,0x0000,0x0000,0x0000,
    0x0000,0x0000,0x0000,0x0000,0x7b9a,0x7b9a,0x7b9a,0x7b9a,0x7b9a,0x7b9a,0x7b9a,0x7b9a,0x7b9a,0x7b9a,0x0000,0x0000,
    0x0000,0x0000,0x0000,0x0000,0x0000,0x0000,0x0000,0x0000,0x7b9a,0x7b9a,0x7b9a,0x7b9a,0x7b9a,0x7b9a,0x0000,0x0000,
    0x0000,0x0000,0x0000,0x0000,
};
static const uint16_t icon_y_solid[324] = {
    0x0000,0x0000,0x0000,0x0000,0x0000,0x0000,0x7b9a,0x7b9a,0x7b9a,0x7b9a,0x7b9a,0x7b9a,0x0000,0x0000,0x0000,0x0000,
    0x0000,0x0000,0x0000,0x0000,0x0000,0x0000,0x7b9a,0x7b9a,0x7b9a,0x7b9a,0x7b9a,0x7b9a,0x7b9a,0x7b9a,0x7b9a,0x7b9a,
    0x0000,0x0000,0x0000,0x0000,0x0000,0x0000,0x0000,0x7b9a,0x7b9a,0x7b9a,0x7b9a,0x7b9a,0x7b9a,0x7b9a,0x7b9a,0x7b9a,
    0x7b9a,0x7b9a,0x7b9a,0x0000,0x0000,0x0000,0x0000,0x0000,0x7b9a,0x7b9a,0x7b9a,0x7b9a,0x7b9a,0x7b9a,0x7b9a,0x7b9a,
    0x7b9a,0x7b9a,0x7b9a,0x7b9a,0x7b9a,0x7b9a,0x0000,0x0000,0x0000,0x7b9a,0x7b9a,0x7b9a,0x7b9a,0x6f37,0x6f37,0x7759,
    0x7b9a,0x7b9a,0x7759,0x6f37,0x6f37,0x7b9a,0x7b9a,0x7b9a,0x7b9a,0x0000,0x0000,0x7b9a,0x7b9a,0x7b9a,0x7b9a,0x2d49,
    0x1483,0x2d49,0x7b9a,0x7b9a,0x39ac,0x1483,0x39ac,0x7b9a,0x7b9a,0x7b9a,0x7b9a,0x0000,0x7b9a,0x7b9a,0x7b9a,0x7b9a,
    0x7b9a,0x62d4,0x1483,0x1483,0x7759,0x6f37,0x1483,0x1483,0x6f37,0x7b9a,0x7b9a,0x7b9a,0x7b9a,0x7b9a,0x7b9a,0x7b9a,
    0x7b9a,0x7b9a,0x7b9a,0x7b9a,0x2d49,0x1483,0x4a0f,0x41cd,0x1483,0x39ac,0x7b9a,0x7b9a,0x7b9a,0x7b9a,0x7b9a,0x7b9a,
    0x7b9a,0x7b9a,0x7b9a,0x7b9a,0x7b9a,0x7b9a,0x62d4,0x1483,0x18a5,0x20e6,0x1483,0x6f37,0x7b9a,0x7b9a,0x7b9a,0x7b9a,
    0x7b9a,0x7b9a,0x7b9a,0x7b9a,0x7b9a,0x7b9a,0x7b9a,0x7b9a,0x7b9a,0x2d49,0x1483,0x1483,0x39ac,0x7b9a,0x7b9a,0x7b9a,
    0x7b9a,0x7b9a,0x7b9a,0x7b9a,0x7b9a,0x7b9a,0x7b9a,0x7b9a,0x7b9a,0x7b9a,0x7b9a,0x62d4,0x1483,0x1483,0x6f37,0x7b9a,
    0x7b9a,0x7b9a,0x7b9a,0x7b9a,0x7b9a,0x7b9a,0x7b9a,0x7b9a,0x7b9a,0x7b9a,0x7b9a,0x7b9a,0x7b9a,0x6f37,0x1483,0x1483,
    0x7b9a,0x7b9a,0x7b9a,0x7b9a,0x7b9a,0x7b9a,0x7b9a,0x7b9a,0x0000,0x7b9a,0x7b9a,0x7b9a,0x7b9a,0x7b9a,0x7b9a,0x6f37,
    0x1483,0x1483,0x7b9a,0x7b9a,0x7b9a,0x7b9a,0x7b9a,0x7b9a,0x7b9a,0x0000,0x0000,0x7b9a,0x7b9a,0x7b9a,0x7b9a,0x7b9a,
    0x7b9a,0x6f37,0x1483,0x1483,0x7b9a,0x7b9a,0x7b9a,0x7b9a,0x7b9a,0x7b9a,0x7b9a,0x0000,0x0000,0x0000,0x7b9a,0x7b9a,
    0x7b9a,0x7b9a,0x7b9a,0x7b9a,0x7b9a,0x7b9a,0x7b9a,0x7b9a,0x7b9a,0x7b9a,0x7b9a,0x7b9a,0x0000,0x0000,0x0000,0x0000,
    0x0000,0x7b9a,0x7b9a,0x7b9a,0x7b9a,0x7b9a,0x7b9a,0x7b9a,0x7b9a,0x7b9a,0x7b9a,0x7b9a,0x7b9a,0x0000,0x0000,0x0000,
    0x0000,0x0000,0x0000,0x0000,0x7b9a,0x7b9a,0x7b9a,0x7b9a,0x7b9a,0x7b9a,0x7b9a,0x7b9a,0x7b9a,0x7b9a,0x0000,0x0000,
    0x0000,0x0000,0x0000,0x0000,0x0000,0x0000,0x0000,0x0000,0x7b9a,0x7b9a,0x7b9a,0x7b9a,0x7b9a,0x7b9a,0x0000,0x0000,
    0x0000,0x0000,0x0000,0x0000,
};
static const uint16_t icon_a_outline[324] = {
    0x0000,0x0000,0x0000,0x0000,0x0000,0x0000,0x7b9a,0x7b9a,0x7b9a,0x7b9a,0x7b9a,0x7b9a,0x0000,0x0000,0x0000,0x0000,
    0x0000,0x0000,0x0000,0x0000,0x0000,0x0000,0x7b9a,0x0000,0x0000,0x0000,0x0000,0x0000,0x0000,0x0000,0x7b9a,0x7b9a,
    0x0000,0x0000,0x0000,0x0000,0x0000,0x0000,0x0000,0x7b9a,0x0000,0x0000,0x0000,0x0000,0x0000,0x0000,0x0000,0x0000,
    0x0000,0x0000,0x7b9a,0x0000,0x0000,0x0000,0x0000,0x0000,0x7b9a,0x0000,0x0000,0x0000,0x0000,0x0000,0x0000,0x0000,
    0x0000,0x0000,0x0000,0x0000,0x0000,0x7b9a,0x0000,0x0000,0x0000,0x7b9a,0x0000,0x0000,0x0000,0x0000,0x0000,0x0000,
    0x0000,0x0000,0x0000,0x0000,0x0000,0x0000,0x0000,0x0000,0x7b9a,0x0000,0x0000,0x7b9a,0x0000,0x0000,0x0000,0x0000,
    0x0000,0x5eb3,0x7b9a,0x7b9a,0x6af6,0x0000,0x0000,0x0000,0x0000,0x0000,0x0000,0x0000,0x7b9a,0x0000,0x0000,0x0000,
    0x0000,0x0000,0x0000,0x7b9a,0x7759,0x7759,0x7b9a,0x0000,0x0000,0x0000,0x0000,0x0000,0x0000,0x7b9a,0x7b9a,0x0000,
    0x0000,0x0000,0x0000,0x0000,0x0000,0x7b9a,0x6b16,0x6b17,0x7b9a,0x0000,0x0000,0x0000,0x0000,0x0000,0x0000,0x7b9a,
    0x7b9a,0x0000,0x0000,0x0000,0x0000,0x0000,0x7b9a,0x7b9a,0x0000,0x0000,0x7b9a,0x6b16,0x0000,0x0000,0x0000,0x0000,
    0x0000,0x7b9a,0x7b9a,0x0000,0x0000,0x0000,0x0000,0x0000,0x6f37,0x7b9a,0x0000,0x0000,0x7759,0x7759,0x0000,0x0000,
    0x0000,0x0000,0x0000,0x7b9a,0x7b9a,0x0000,0x0000,0x0000,0x0000,0x0000,0x7b9a,0x7b9a,0x7b9a,0x7b9a,0x7b9a,0x7b9a,
    0x0000,0x0000,0x0000,0x0000,0x0000,0x7b9a,0x7b9a,0x0000,0x0000,0x0000,0x0000,0x6b16,0x7b9a,0x62d5,0x66f6,0x66f6,
    0x7358,0x7b9a,0x7b9a,0x0000,0x0000,0x0000,0x0000,0x7b9a,0x0000,0x0000,0x0000,0x0000,0x0000,0x7b9a,0x7b9a,0x0000,
    0x0000,0x0000,0x0000,0x7b9a,0x7b9a,0x0000,0x0000,0x0000,0x7b9a,0x0000,0x0000,0x7b9a,0x0000,0x0000,0x0000,0x66f6,
    0x5e93,0x0000,0x0000,0x0000,0x0000,0x66d5,0x66f6,0x0000,0x0000,0x0000,0x7b9a,0x0000,0x0000,0x0000,0x7b9a,0x0000,
    0x0000,0x0000,0x0000,0x0000,0x0000,0x0000,0x0000,0x0000,0x0000,0x0000,0x0000,0x7b9a,0x0000,0x0000,0x0000,0x0000,
    0x0000,0x7b9a,0x0000,0x0000,0x0000,0x0000,0x0000,0x0000,0x0000,0x0000,0x0000,0x0000,0x7b9a,0x0000,0x0000,0x0000,
    0x0000,0x0000,0x0000,0x0000,0x7b9a,0x7b9a,0x0000,0x0000,0x0000,0x0000,0x0000,0x0000,0x7b9a,0x7b9a,0x0000,0x0000,
    0x0000,0x0000,0x0000,0x0000,0x0000,0x0000,0x0000,0x0000,0x7b9a,0x7b9a,0x7b9a,0x7b9a,0x7b9a,0x7b9a,0x0000,0x0000,
    0x0000,0x0000,0x0000,0x0000,
};
static const uint16_t icon_b_outline[324] = {
    0x0000,0x0000,0x0000,0x0000,0x0000,0x0000,0x7b9a,0x7b9a,0x7b9a,0x7b9a,0x7b9a,0x7b9a,0x0000,0x0000,0x0000,0x0000,
    0x0000,0x0000,0x0000,0x0000,0x0000,0x0000,0x7b9a,0x0000,0x0000,0x0000,0x0000,0x0000,0x0000,0x0000,0x7b9a,0x7b9a,
    0x0000,0x0000,0x0000,0x0000,0x0000,0x0000,0x0000,0x7b9a,0x0000,0x0000,0x0000,0x0000,0x0000,0x0000,0x0000,0x0000,
    0x0000,0x0000,0x7b9a,0x0000,0x0000,0x0000,0x0000,0x0000,0x7b9a,0x0000,0x0000,0x0000,0x0000,0x0000,0x0000,0x0000,
    0x0000,0x0000,0x0000,0x0000,0x0000,0x7b9a,0x0000,0x0000,0x0000,0x7b9a,0x0000,0x0000,0x0000,0x0000,0x0000,0x0000,
    0x0000,0x0000,0x0000,0x0000,0x0000,0x0000,0x0000,0x0000,0x7b9a,0x0000,0x0000,0x7b9a,0x0000,0x0000,0x0000,0x0000,
    0x7b9a,0x7b9a,0x7b9a,0x7b9a,0x7b9a,0x6af6,0x0000,0x0000,0x0000,0x0000,0x0000,0x0000,0x7b9a,0x0000,0x0000,0x0000,
    0x0000,0x0000,0x7b9a,0x7759,0x0000,0x0000,0x7b9a,0x7b9a,0x0000,0x0000,0x0000,0x0000,0x0000,0x7b9a,0x7b9a,0x0000,
    0x0000,0x0000,0x0000,0x0000,0x7b9a,0x6f37,0x0000,0x0000,0x7759,0x7b9a,0x0000,0x0000,0x0000,0x0000,0x0000,0x7b9a,
    0x7b9a,0x0000,0x0000,0x0000,0x0000,0x0000,0x7b9a,0x7759,0x6b17,0x66f6,0x7759,0x0000,0x0000,0x0000,0x0000,0x0000,
    0x0000,0x7b9a,0x7b9a,0x0000,0x0000,0x0000,0x0000,0x0000,0x7b9a,0x7b9a,0x7b9a,0x7759,0x7b9a,0x7b9a,0x0000,0x0000,
    0x0000,0x0000,0x0000,0x7b9a,0x7b9a,0x0000,0x0000,0x0000,0x0000,0x0000,0x7b9a,0x6f37,0x0000,0x0000,0x6b16,0x7b9a,
    0x6f38,0x0000,0x0000,0x0000,0x0000,0x7b9a,0x7b9a,0x0000,0x0000,0x0000,0x0000,0x0000,0x7b9a,0x6f37,0x0000,0x0000,
    0x6b16,0x7b9a,0x7338,0x0000,0x0000,0x0000,0x0000,0x7b9a,0x0000,0x0000,0x0000,0x0000,0x0000,0x0000,0x7b9a,0x7759,
    0x6f17,0x7759,0x7b9a,0x7759,0x0000,0x0000,0x0000,0x0000,0x7b9a,0x0000,0x0000,0x7b9a,0x0000,0x0000,0x0000,0x0000,
    0x6b16,0x6b16,0x6b16,0x6b16,0x7338,0x0000,0x0000,0x0000,0x0000,0x0000,0x7b9a,0x0000,0x0000,0x0000,0x7b9a,0x0000,
    0x0000,0x0000,0x0000,0x0000,0x0000,0x0000,0x0000,0x0000,0x0000,0x0000,0x0000,0x7b9a,0x0000,0x0000,0x0000,0x0000,
    0x0000,0x7b9a,0x0000,0x0000,0x0000,0x0000,0x0000,0x0000,0x0000,0x0000,0x0000,0x0000,0x7b9a,0x0000,0x0000,0x0000,
    0x0000,0x0000,0x0000,0x0000,0x7b9a,0x7b9a,0x0000,0x0000,0x0000,0x0000,0x0000,0x0000,0x7b9a,0x7b9a,0x0000,0x0000,
    0x0000,0x0000,0x0000,0x0000,0x0000,0x0000,0x0000,0x0000,0x7b9a,0x7b9a,0x7b9a,0x7b9a,0x7b9a,0x7b9a,0x0000,0x0000,
    0x0000,0x0000,0x0000,0x0000,
};
static const uint16_t icon_x_outline[324] = {
    0x0000,0x0000,0x0000,0x0000,0x0000,0x0000,0x7b9a,0x7b9a,0x7b9a,0x7b9a,0x7b9a,0x7b9a,0x0000,0x0000,0x0000,0x0000,
    0x0000,0x0000,0x0000,0x0000,0x0000,0x0000,0x7b9a,0x0000,0x0000,0x0000,0x0000,0x0000,0x0000,0x0000,0x7b9a,0x7b9a,
    0x0000,0x0000,0x0000,0x0000,0x0000,0x0000,0x0000,0x7b9a,0x0000,0x0000,0x0000,0x0000,0x0000,0x0000,0x0000,0x0000,
    0x0000,0x0000,0x7b9a,0x0000,0x0000,0x0000,0x0000,0x0000,0x7b9a,0x0000,0x0000,0x0000,0x0000,0x0000,0x0000,0x0000,
    0x0000,0x0000,0x0000,0x0000,0x0000,0x7b9a,0x0000,0x0000,0x0000,0x7b9a,0x0000,0x0000,0x0000,0x0000,0x0000,0x0000,
    0x0000,0x0000,0x0000,0x0000,0x0000,0x0000,0x0000,0x0000,0x7b9a,0x0000,0x0000,0x7b9a,0x0000,0x0000,0x0000,0x0000,
    0x7b9a,0x7759,0x0000,0x0000,0x7759,0x7b9a,0x0000,0x0000,0x0000,0x0000,0x0000,0x0000,0x7b9a,0x0000,0x0000,0x0000,
    0x0000,0x0000,0x7759,0x7b9a,0x0000,0x0000,0x7b9a,0x7b9a,0x0000,0x0000,0x0000,0x0000,0x0000,0x7b9a,0x7b9a,0x0000,
    0x0000,0x0000,0x0000,0x0000,0x0000,0x7b9a,0x66f6,0x7759,0x7b9a,0x0000,0x0000,0x0000,0x0000,0x0000,0x0000,0x7b9a,
    0x7b9a,0x0000,0x0000,0x0000,0x0000,0x0000,0x0000,0x7b9a,0x7b9a,0x7b9a,0x7b9a,0x0000,0x0000,0x0000,0x0000,0x0000,
    0x0000,0x7b9a,0x7b9a,0x0000,0x0000,0x0000,0x0000,0x0000,0x0000,0x5eb4,0x7b9a,0x7b9a,0x62d4,0x0000,0x0000,0x0000,
    0x0000,0x0000,0x0000,0x7b9a,0x7b9a,0x0000,0x0000,0x0000,0x0000,0x0000,0x0000,0x7b9a,0x6f17,0x7b9a,0x7b9a,0x0000,
    0x0000,0x0000,0x0000,0x0000,0x0000,0x7b9a,0x7b9a,0x0000,0x0000,0x0000,0x0000,0x0000,0x7b9a,0x7b9a,0x0000,0x0000,
    0x7b9a,0x6f17,0x0000,0x0000,0x0000,0x0000,0x0000,0x7b9a,0x0000,0x0000,0x0000,0x0000,0x0000,0x7b9a,0x7b9a,0x5eb4,
    0x0000,0x0000,0x7759,0x7b9a,0x0000,0x0000,0x0000,0x0000,0x7b9a,0x0000,0x0000,0x7b9a,0x0000,0x0000,0x0000,0x66f6,
    0x66f6,0x0000,0x0000,0x0000,0x0000,0x66f6,0x66d5,0x0000,0x0000,0x0000,0x7b9a,0x0000,0x0000,0x0000,0x7b9a,0x0000,
    0x0000,0x0000,0x0000,0x0000,0x0000,0x0000,0x0000,0x0000,0x0000,0x0000,0x0000,0x7b9a,0x0000,0x0000,0x0000,0x0000,
    0x0000,0x7b9a,0x0000,0x0000,0x0000,0x0000,0x0000,0x0000,0x0000,0x0000,0x0000,0x0000,0x7b9a,0x0000,0x0000,0x0000,
    0x0000,0x0000,0x0000,0x0000,0x7b9a,0x7b9a,0x0000,0x0000,0x0000,0x0000,0x0000,0x0000,0x7b9a,0x7b9a,0x0000,0x0000,
    0x0000,0x0000,0x0000,0x0000,0x0000,0x0000,0x0000,0x0000,0x7b9a,0x7b9a,0x7b9a,0x7b9a,0x7b9a,0x7b9a,0x0000,0x0000,
    0x0000,0x0000,0x0000,0x0000,
};
static const uint16_t icon_y_outline[324] = {
    0x0000,0x0000,0x0000,0x0000,0x0000,0x0000,0x7b9a,0x7b9a,0x7b9a,0x7b9a,0x7b9a,0x7b9a,0x0000,0x0000,0x0000,0x0000,
    0x0000,0x0000,0x0000,0x0000,0x0000,0x0000,0x7b9a,0x0000,0x0000,0x0000,0x0000,0x0000,0x0000,0x0000,0x7b9a,0x7b9a,
    0x0000,0x0000,0x0000,0x0000,0x0000,0x0000,0x0000,0x7b9a,0x0000,0x0000,0x0000,0x0000,0x0000,0x0000,0x0000,0x0000,
    0x0000,0x0000,0x7b9a,0x0000,0x0000,0x0000,0x0000,0x0000,0x7b9a,0x0000,0x0000,0x0000,0x0000,0x0000,0x0000,0x0000,
    0x0000,0x0000,0x0000,0x0000,0x0000,0x7b9a,0x0000,0x0000,0x0000,0x7b9a,0x0000,0x0000,0x0000,0x0000,0x0000,0x0000,
    0x0000,0x0000,0x0000,0x0000,0x0000,0x0000,0x0000,0x0000,0x7b9a,0x0000,0x0000,0x7b9a,0x0000,0x0000,0x0000,0x7b9a,
    0x7b9a,0x62d5,0x0000,0x0000,0x7b9a,0x7b9a,0x7338,0x0000,0x0000,0x0000,0x0000,0x0000,0x7b9a,0x0000,0x0000,0x0000,
    0x0000,0x0000,0x7b9a,0x7759,0x0000,0x0000,0x6f37,0x6f37,0x0000,0x0000,0x0000,0x0000,0x0000,0x7b9a,0x7b9a,0x0000,
    0x0000,0x0000,0x0000,0x0000,0x7b9a,0x7b9a,0x0000,0x5a93,0x7b9a,0x66f6,0x0000,0x0000,0x0000,0x0000,0x0000,0x7b9a,
    0x7b9a,0x0000,0x0000,0x0000,0x0000,0x0000,0x0000,0x7b9a,0x7759,0x7759,0x6f37,0x0000,0x0000,0x0000,0x0000,0x0000,
    0x0000,0x7b9a,0x7b9a,0x0000,0x0000,0x0000,0x0000,0x0000,0x0000,0x7b9a,0x7b9a,0x7b9a,0x66f6,0x0000,0x0000,0x0000,
    0x0000,0x0000,0x0000,0x7b9a,0x7b9a,0x0000,0x0000,0x0000,0x0000,0x0000,0x0000,0x0000,0x7b9a,0x7759,0x0000,0x0000,
    0x0000,0x0000,0x0000,0x0000,0x0000,0x7b9a,0x7b9a,0x0000,0x0000,0x0000,0x0000,0x0000,0x0000,0x0000,0x7b9a,0x6f37,
    0x0000,0x0000,0x0000,0x0000,0x0000,0x0000,0x0000,0x7b9a,0x0000,0x0000,0x0000,0x0000,0x0000,0x0000,0x0000,0x0000,
    0x7b9a,0x6f37,0x0000,0x0000,0x0000,0x0000,0x0000,0x0000,0x7b9a,0x0000,0x0000,0x7b9a,0x0000,0x0000,0x0000,0x0000,
    0x0000,0x0000,0x6f37,0x62d4,0x0000,0x0000,0x0000,0x0000,0x0000,0x0000,0x7b9a,0x0000,0x0000,0x0000,0x7b9a,0x0000,
    0x0000,0x0000,0x0000,0x0000,0x0000,0x0000,0x0000,0x0000,0x0000,0x0000,0x0000,0x7b9a,0x0000,0x0000,0x0000,0x0000,
    0x0000,0x7b9a,0x0000,0x0000,0x0000,0x0000,0x0000,0x0000,0x0000,0x0000,0x0000,0x0000,0x7b9a,0x0000,0x0000,0x0000,
    0x0000,0x0000,0x0000,0x0000,0x7b9a,0x7b9a,0x0000,0x0000,0x0000,0x0000,0x0000,0x0000,0x7b9a,0x7b9a,0x0000,0x0000,
    0x0000,0x0000,0x0000,0x0000,0x0000,0x0000,0x0000,0x0000,0x7b9a,0x7b9a,0x7b9a,0x7b9a,0x7b9a,0x7b9a,0x0000,0x0000,
    0x0000,0x0000,0x0000,0x0000,
};
static const uint16_t icon_lb[522] = {
    0x0000,0x0000,0x0000,0x0000,0x0000,0x0000,0x0000,0x0000,0x0000,0x0000,0x0000,0x0000,0x0000,0x0000,0x0000,0x0000,
    0x0000,0x0000,0x0000,0x0000,0x0000,0x0000,0x0000,0x0000,0x0000,0x0000,0x0000,0x0000,0x0000,0x0000,0x0000,0x0000,
    0x0000,0x0000,0x0000,0x0000,0x0000,0x0000,0x0000,0x0000,0x0000,0x0000,0x7f9a,0x7b9a,0x7b9a,0x7b9a,0x7b9a,0x7b9a,
    0x7b9a,0x7b9a,0x7b9a,0x7b9a,0x7b9a,0x0000,0x0000,0x0000,0x0000,0x0000,0x0000,0x0000,0x0000,0x0000,0x0000,0x0000,
    0x0000,0x0000,0x0000,0x7b9a,0x7b9a,0x7b9a,0x7b9a,0x7b9a,0x7b9a,0x7b9a,0x7b9a,0x7b9a,0x7b9a,0x7b9a,0x7b9a,0x7b9a,
    0x7b9a,0x7b9a,0x7b9a,0x7b9a,0x0000,0x0000,0x0000,0x0000,0x0000,0x0000,0x0000,0x0000,0x0000,0x7b9a,0x7b9a,0x7b9a,
    0x7b9a,0x7b9a,0x7b9a,0x7b9a,0x7b9a,0x7b9a,0x7b9a,0x7b9a,0x7b9a,0x7b9a,0x7b9a,0x7b9a,0x7b9a,0x7b9a,0x7b9a,0x7b9a,
    0x7b9a,0x7b9a,0x0000,0x0000,0x0000,0x0000,0x0000,0x0000,0x7b9a,0x7b9a,0x7b9a,0x7b9a,0x7b9a,0x7b9a,0x7b9a,0x7b9a,
    0x7b9a,0x7b9a,0x7b9a,0x7b9a,0x7b9a,0x7b9a,0x7b9a,0x7b9a,0x7b9a,0x7b9a,0x7b9a,0x7b9a,0x7b9a,0x7b9a,0x7b9a,0x7b9a,
    0x0000,0x0000,0x0000,0x7b9a,0x7b9a,0x7b9a,0x7b9a,0x7b9a,0x7b9a,0x7b9a,0x7b9a,0x5672,0x2d49,0x4a0f,0x7b9a,0x7b9a,
    0x7b9a,0x7b9a,0x2d49,0x2d49,0x2d49,0x2d49,0x356a,0x5672,0x7b9a,0x7b9a,0x7b9a,0x7b9a,0x7b9a,0x7b9a,0x0000,0x7b9a,
    0x7b9a,0x7b9a,0x7b9a,0x7b9a,0x7b9a,0x7b9a,0x7b9a,0x7b9a,0x4a0f,0x1483,0x39ac,0x7b9a,0x7b9a,0x7b9a,0x7b9a,0x1483,
    0x1483,0x20e6,0x18a4,0x1483,0x1483,0x62d5,0x7b9a,0x7b9a,0x7b9a,0x7b9a,0x7b9a,0x7b9a,0x7b9a,0x7b9a,0x7b9a,0x7b9a,
    0x7b9a,0x7b9a,0x7b9a,0x7b9a,0x7b9a,0x4a0f,0x1483,0x39ac,0x7b9a,0x7b9a,0x7b9a,0x7b9a,0x1483,0x1483,0x6f37,0x7b9a,
    0x2907,0x1483,0x4a0f,0x7b9a,0x7b9a,0x7b9a,0x7b9a,0x7b9a,0x7b9a,0x7b9a,0x7b9a,0x7b9a,0x7b9a,0x7b9a,0x7b9a,0x7b9a,
    0x7b9a,0x7b9a,0x4a0f,0x1483,0x39ac,0x7b9a,0x7b9a,0x7b9a,0x7b9a,0x1483,0x1483,0x62d5,0x62d4,0x20e6,0x18a4,0x6f37,
    0x7b9a,0x7b9a,0x7b9a,0x7b9a,0x0000,0x7b9a,0x7b9a,0x7b9a,0x7b9a,0x7b9a,0x7b9a,0x7b9a,0x7b9a,0x7b9a,0x7b9a,0x4a0f,
    0x1483,0x39ac,0x7b9a,0x7b9a,0x7b9a,0x7b9a,0x1483,0x1483,0x1483,0x1483,0x1483,0x41cd,0x7b9a,0x7b9a,0x7b9a,0x7b9a,
    0x7b9a,0x0000,0x7b9a,0x7b9a,0x7b9a,0x7b9a,0x7b9a,0x7b9a,0x7b9a,0x7b9a,0x7b9a,0x7b9a,0x4a0f,0x1483,0x39ac,0x7b9a,
    0x7b9a,0x7b9a,0x7b9a,0x1483,0x1483,0x41cd,0x4a0f,0x20e6,0x1483,0x4a0f,0x7b9a,0x7b9a,0x7b9a,0x7b9a,0x0000,0x7b9a,
    0x7b9a,0x7b9a,0x7b9a,0x7b9a,0x7b9a,0x7b9a,0x7b9a,0x7b9a,0x7b9a,0x4a0f,0x1483,0x39ac,0x7b9a,0x7b9a,0x7b9a,0x7b9a,
    0x1483,0x1483,0x6f37,0x7b9a,0x5672,0x1483,0x20e6,0x7b9a,0x7b9a,0x7b9a,0x7b9a,0x0000,0x7b9a,0x7b9a,0x7b9a,0x7b9a,
    0x7b9a,0x7b9a,0x7b9a,0x7b9a,0x7b9a,0x7b9a,0x4a0f,0x1483,0x2907,0x4a0f,0x4a0f,0x4a0f,0x7b9a,0x1483,0x1483,0x5a93,
    0x5672,0x20e6,0x1483,0x2d49,0x7b9a,0x7b9a,0x7b9a,0x7b9a,0x0000,0x7b9a,0x7b9a,0x7b9a,0x7b9a,0x7b9a,0x7b9a,0x7b9a,
    0x7b9a,0x7b9a,0x7b9a,0x4a0f,0x1483,0x1483,0x1483,0x1483,0x1483,0x7b9a,0x1483,0x1483,0x1483,0x1483,0x1483,0x20e6,
    0x6f37,0x7b9a,0x7b9a,0x7b9a,0x0000,0x0000,0x7b9a,0x7b9a,0x7b9a,0x7b9a,0x7b9a,0x7b9a,0x7b9a,0x7b9a,0x7b9a,0x7b9a,
    0x6af6,0x5672,0x5672,0x5672,0x5672,0x5672,0x7b9a,0x5672,0x5672,0x5672,0x5672,0x6af6,0x7b9a,0x7b9a,0x7b9a,0x7b9a,
    0x7b9a,0x0000,0x0000,0x7b9a,0x7b9a,0x7b9a,0x7b9a,0x7b9a,0x7b9a,0x7b9a,0x7b9a,0x7b9a,0x7b9a,0x7b9a,0x7b9a,0x7b9a,
    0x7b9a,0x7b9a,0x7b9a,0x7b9a,0x7b9a,0x7b9a,0x7b9a,0x7b9a,0x7b9a,0x7b9a,0x7b9a,0x7b9a,0x7b9a,0x7b9a,0x0000,0x0000,
    0x0000,0x7b9a,0x7b9a,0x7b9a,0x7b9a,0x7b9a,0x7b9a,0x7b9a,0x7b9a,0x7b9a,0x7b9a,0x7b9a,0x7b9a,0x7b9a,0x7b9a,0x7b9a,
    0x7b9a,0x7b9a,0x7b9a,0x7b9a,0x7b9a,0x7b9a,0x7b9a,0x7b9a,0x7b9a,0x7b9a,0x0000,0x0000,0x0000,0x0000,0x0000,0x0000,
    0x0000,0x0000,0x0000,0x0000,0x0000,0x0000,0x0000,0x0000,0x0000,0x0000,0x0000,0x0000,0x0000,0x0000,0x0000,0x0000,
    0x0000,0x0000,0x0000,0x0000,0x0000,0x0000,0x0000,0x0000,0x0000,0x0000,
};
static const uint16_t icon_rb[540] = {
    0x0000,0x0000,0x0000,0x0000,0x0000,0x0000,0x0000,0x0000,0x0000,0x0000,0x0000,0x0000,0x0000,0x0000,0x0000,0x0000,
    0x0000,0x0000,0x0000,0x0000,0x0000,0x0000,0x0000,0x0000,0x0000,0x0000,0x0000,0x0000,0x0000,0x0000,0x0000,0x0000,
    0x0000,0x0000,0x0000,0x7b9a,0x7b9a,0x7b9a,0x7b9a,0x7b9a,0x7b9a,0x7b9a,0x7b9a,0x7b9a,0x7b9a,0x7b9a,0x0000,0x0000,
    0x0000,0x0000,0x0000,0x0000,0x0000,0x0000,0x0000,0x0000,0x0000,0x0000,0x0000,0x0000,0x0000,0x0000,0x0000,0x0000,
    0x7b9a,0x7b9a,0x7b9a,0x7b9a,0x7b9a,0x7b9a,0x7b9a,0x7b9a,0x7b9a,0x7b9a,0x7b9a,0x7b9a,0x7b9a,0x7b9a,0x7b9a,0x7b9a,
    0x0000,0x0000,0x0000,0x0000,0x0000,0x0000,0x0000,0x0000,0x0000,0x0000,0x0000,0x0000,0x0000,0x7b9a,0x7b9a,0x7b9a,
    0x7b9a,0x7b9a,0x7b9a,0x7b9a,0x7b9a,0x7b9a,0x7b9a,0x7b9a,0x7b9a,0x7b9a,0x7b9a,0x7b9a,0x7b9a,0x7b9a,0x7b9a,0x7b9a,
    0x7b9a,0x0000,0x0000,0x0000,0x0000,0x0000,0x0000,0x0000,0x0000,0x7b9a,0x7b9a,0x7b9a,0x7b9a,0x7b9a,0x7b9a,0x7b9a,
    0x7b9a,0x7b9a,0x7b9a,0x7b9a,0x7b9a,0x7b9a,0x7b9a,0x7b9a,0x7b9a,0x7b9a,0x7b9a,0x7b9a,0x7b9a,0x7b9a,0x7b9a,0x7b9a,
    0x7b9a,0x0000,0x0000,0x0000,0x0000,0x0000,0x0000,0x7b9a,0x7b9a,0x7b9a,0x7b9a,0x7b9a,0x39ac,0x2d49,0x2d49,0x2d49,
    0x356a,0x5672,0x7b9a,0x7b9a,0x5672,0x2d49,0x2d49,0x2d49,0x2d49,0x41cd,0x6f37,0x7b9a,0x7b9a,0x7b9a,0x7b9a,0x7b9a,
    0x7b9a,0x0000,0x0000,0x0000,0x0000,0x7b9a,0x7b9a,0x7b9a,0x7b9a,0x7b9a,0x20e6,0x1483,0x18a4,0x18a4,0x1483,0x1483,
    0x4e30,0x7b9a,0x4a0f,0x1483,0x18a4,0x20e6,0x1483,0x1483,0x2d49,0x7b9a,0x7b9a,0x7b9a,0x7b9a,0x7b9a,0x7b9a,0x7b9a,
    0x7b9a,0x0000,0x0000,0x7b9a,0x7b9a,0x7b9a,0x7b9a,0x7b9a,0x20e6,0x1483,0x5672,0x7b9a,0x39ac,0x1483,0x2d49,0x7b9a,
    0x4a0f,0x1483,0x39ac,0x7b9a,0x5a93,0x1483,0x1483,0x7b9a,0x7b9a,0x7b9a,0x7b9a,0x7b9a,0x7b9a,0x7b9a,0x7b9a,0x0000,
    0x0000,0x7b9a,0x7b9a,0x7b9a,0x7b9a,0x7b9a,0x20e6,0x1483,0x5672,0x7b9a,0x39ac,0x1483,0x39ac,0x7b9a,0x4a0f,0x1483,
    0x356a,0x6f37,0x41cd,0x1483,0x41cd,0x7b9a,0x7b9a,0x7b9a,0x7b9a,0x7b9a,0x7b9a,0x7b9a,0x7b9a,0x0000,0x0000,0x7b9a,
    0x7b9a,0x7b9a,0x7b9a,0x7b9a,0x20e6,0x1483,0x2907,0x2907,0x1483,0x20e6,0x6f37,0x7b9a,0x4a0f,0x1483,0x1483,0x1483,
    0x1483,0x18a4,0x6f37,0x7b9a,0x7b9a,0x7b9a,0x7b9a,0x7b9a,0x7b9a,0x7b9a,0x7b9a,0x0000,0x0000,0x7b9a,0x7b9a,0x7b9a,
    0x7b9a,0x7b9a,0x20e6,0x1483,0x18a4,0x1483,0x1483,0x5a93,0x7b9a,0x7b9a,0x4a0f,0x1483,0x2907,0x4a0f,0x39ac,0x1483,
    0x18a5,0x7759,0x7b9a,0x7b9a,0x7b9a,0x7b9a,0x7b9a,0x7b9a,0x7b9a,0x0000,0x0000,0x0000,0x7b9a,0x7b9a,0x7b9a,0x7b9a,
    0x20e6,0x1483,0x5672,0x5672,0x1483,0x18a5,0x6f37,0x7b9a,0x4a0f,0x1483,0x39ac,0x7b9a,0x7b9a,0x1483,0x1483,0x5672,
    0x7b9a,0x7b9a,0x7b9a,0x7b9a,0x7b9a,0x7b9a,0x7b9a,0x0000,0x0000,0x0000,0x7b9a,0x7b9a,0x7b9a,0x7b9a,0x20e6,0x1483,
    0x5672,0x7b9a,0x2d49,0x1483,0x2d49,0x7b9a,0x4a0f,0x1483,0x2d49,0x5672,0x41cd,0x1483,0x1483,0x62d5,0x7b9a,0x7b9a,
    0x7b9a,0x7b9a,0x7b9a,0x7b9a,0x7b9a,0x0000,0x0000,0x0000,0x7b9a,0x7b9a,0x7b9a,0x7b9a,0x20e6,0x1483,0x5672,0x7b9a,
    0x6f37,0x18a4,0x1483,0x5a93,0x4a0f,0x1483,0x1483,0x1483,0x1483,0x1483,0x4a0f,0x7b9a,0x7b9a,0x7b9a,0x7b9a,0x7b9a,
    0x7b9a,0x7b9a,0x7b9a,0x0000,0x0000,0x0000,0x7b9a,0x7b9a,0x7b9a,0x7b9a,0x5a93,0x5672,0x6f37,0x7b9a,0x7b9a,0x62d4,
    0x5672,0x5a93,0x6af6,0x5672,0x5672,0x5672,0x5a93,0x7759,0x7b9a,0x7b9a,0x7b9a,0x7b9a,0x7b9a,0x7b9a,0x7b9a,0x7b9a,
    0x7b9a,0x0000,0x0000,0x0000,0x0000,0x7b9a,0x7b9a,0x7b9a,0x7b9a,0x7b9a,0x7b9a,0x7b9a,0x7b9a,0x7b9a,0x7b9a,0x7b9a,
    0x7b9a,0x7b9a,0x7b9a,0x7b9a,0x7b9a,0x7b9a,0x7b9a,0x7b9a,0x7b9a,0x7b9a,0x7b9a,0x7b9a,0x7b9a,0x7b9a,0x7b9a,0x0000,
    0x0000,0x0000,0x0000,0x7b9a,0x7b9a,0x7b9a,0x7b9a,0x7b9a,0x7b9a,0x7b9a,0x7b9a,0x7b9a,0x7b9a,0x7b9a,0x7b9a,0x7b9a,
    0x7b9a,0x7b9a,0x7b9a,0x7b9a,0x7b9a,0x7b9a,0x7b9a,0x7b9a,0x7b9a,0x7b9a,0x7b9a,0x7b9a,0x7b9a,0x0000,0x0000,0x0000,
    0x0000,0x0000,0x0000,0x0000,0x0000,0x0000,0x0000,0x0000,0x0000,0x0000,0x0000,0x0000,0x0000,0x0000,0x0000,0x0000,
    0x0000,0x0000,0x0000,0x0000,0x0000,0x0000,0x0000,0x0000,0x0000,0x0000,0x0000,0x0000,
};
static const uint16_t icon_lt[600] = {
    0x0000,0x0000,0x0000,0x0000,0x7b9a,0x7b9a,0x7b9a,0x7b9a,0x7b9a,0x7b9a,0x7b9a,0x7b9a,0x7b9a,0x7b9a,0x7b9a,0x7b9a,
    0x7b9a,0x7b9a,0x7b9a,0x7b9a,0x7b9a,0x7b9a,0x7b9a,0x7b9a,0x0000,0x0000,0x0000,0x0000,0x7b9a,0x7b9a,0x7b9a,0x7b9a,
    0x7b9a,0x7b9a,0x7b9a,0x7b9a,0x7b9a,0x7b9a,0x7b9a,0x7b9a,0x7b9a,0x7b9a,0x7b9a,0x7b9a,0x7b9a,0x7b9a,0x7b9a,0x7b9a,
    0x7b9a,0x0000,0x0000,0x0000,0x0000,0x7f9a,0x7b9a,0x7b9a,0x7b9a,0x7b9a,0x7b9a,0x7b9a,0x7b9a,0x7b9a,0x7b9a,0x7b9a,
    0x7b9a,0x7b9a,0x7b9a,0x7b9a,0x7b9a,0x7b9a,0x7b9a,0x7b9a,0x7b9a,0x7b9a,0x0000,0x0000,0x0000,0x0000,0x0000,0x7b9a,
    0x7b9a,0x7b9a,0x7b9a,0x7b9a,0x7b9a,0x7b9a,0x7b9a,0x7b9a,0x7b9a,0x7b9a,0x7b9a,0x7b9a,0x7b9a,0x7b9a,0x7b9a,0x7b9a,
    0x7b9a,0x7b9a,0x7b9a,0x0000,0x0000,0x0000,0x0000,0x0000,0x7b9a,0x7b9a,0x7b9a,0x7b9a,0x5a93,0x4a0f,0x62d4,0x7b9a,
    0x7b9a,0x4e30,0x4a0f,0x4a0f,0x4a0f,0x4a0f,0x4a0f,0x4a0f,0x6af6,0x7b9a,0x7b9a,0x7b9a,0x0000,0x0000,0x0000,0x0000,
    0x0000,0x7b9a,0x7b9a,0x7b9a,0x7b9a,0x39ac,0x1483,0x4a0f,0x7b9a,0x7b9a,0x20e6,0x1483,0x1483,0x1483,0x1483,0x1483,
    0x1483,0x5672,0x7b9a,0x7b9a,0x7b9a,0x0000,0x0000,0x0000,0x0000,0x0000,0x7b9a,0x7b9a,0x7b9a,0x7b9a,0x39ac,0x1483,
    0x4a0f,0x7b9a,0x7b9a,0x62d4,0x62d4,0x4e30,0x1483,0x18a5,0x62d4,0x62d4,0x7759,0x7b9a,0x7b9a,0x7b9a,0x0000,0x0000,
    0x0000,0x0000,0x0000,0x7b9a,0x7b9a,0x7b9a,0x7b9a,0x39ac,0x1483,0x4a0f,0x7b9a,0x7b9a,0x7b9a,0x7b9a,0x62d4,0x1483,
    0x20e6,0x7b9a,0x7b9a,0x7b9a,0x7b9a,0x7b9a,0x7b9a,0x0000,0x0000,0x0000,0x0000,0x0000,0x7b9a,0x7b9a,0x7b9a,0x7b9a,
    0x39ac,0x1483,0x4a0f,0x7b9a,0x7b9a,0x7b9a,0x7b9a,0x62d4,0x1483,0x20e6,0x7b9a,0x7b9a,0x7b9a,0x7b9a,0x7b9a,0x7b9a,
    0x0000,0x0000,0x0000,0x0000,0x0000,0x7b9a,0x7b9a,0x7b9a,0x7b9a,0x39ac,0x1483,0x4a0f,0x7b9a,0x7b9a,0x7b9a,0x7b9a,
    0x62d4,0x1483,0x20e6,0x7b9a,0x7b9a,0x7b9a,0x7b9a,0x7b9a,0x7b9a,0x0000,0x0000,0x0000,0x0000,0x0000,0x7b9a,0x7b9a,
    0x7b9a,0x7b9a,0x39ac,0x1483,0x4a0f,0x7b9a,0x7b9a,0x7b9a,0x7b9a,0x62d4,0x1483,0x20e6,0x7b9a,0x7b9a,0x7b9a,0x7b9a,
    0x7b9a,0x7b9a,0x0000,0x0000,0x0000,0x0000,0x0000,0x7b9a,0x7b9a,0x7b9a,0x7b9a,0x39ac,0x1483,0x39ac,0x62d5,0x62d5,
    0x6af6,0x7b9a,0x62d4,0x1483,0x20e6,0x7b9a,0x7b9a,0x7b9a,0x7b9a,0x7b9a,0x7b9a,0x0000,0x0000,0x0000,0x0000,0x0000,
    0x7b9a,0x7b9a,0x7b9a,0x7b9a,0x39ac,0x1483,0x1483,0x1483,0x1483,0x2d49,0x7b9a,0x62d4,0x1483,0x20e6,0x7b9a,0x7b9a,
    0x7b9a,0x7b9a,0x7b9a,0x7b9a,0x0000,0x0000,0x0000,0x0000,0x0000,0x7b9a,0x7b9a,0x7b9a,0x7b9a,0x5672,0x39ac,0x39ac,
    0x39ac,0x39ac,0x4a0f,0x7b9a,0x6f37,0x39ac,0x41cd,0x7b9a,0x7b9a,0x7b9a,0x7b9a,0x7b9a,0x7b9a,0x0000,0x0000,0x0000,
    0x0000,0x7f9a,0x7b9a,0x7b9a,0x7b9a,0x7b9a,0x7b9a,0x7b9a,0x7b9a,0x7b9a,0x7b9a,0x7b9a,0x7b9a,0x7b9a,0x7b9a,0x7b9a,
    0x7b9a,0x7b9a,0x7b9a,0x7b9a,0x7b9a,0x0000,0x0000,0x0000,0x0000,0x0000,0x7b9a,0x7b9a,0x7b9a,0x7b9a,0x7b9a,0x7b9a,
    0x7b9a,0x7b9a,0x7b9a,0x7b9a,0x7b9a,0x7b9a,0x7b9a,0x7b9a,0x7b9a,0x7b9a,0x7b9a,0x7b9a,0x7b9a,0x7b9a,0x0000,0x0000,
    0x0000,0x0000,0x0000,0x7b9a,0x7b9a,0x7b9a,0x7b9a,0x7b9a,0x7b9a,0x7b9a,0x7b9a,0x7b9a,0x7b9a,0x7b9a,0x7b9a,0x7b9a,
    0x7b9a,0x7b9a,0x7b9a,0x7b9a,0x7b9a,0x7b9a,0x0000,0x0000,0x0000,0x0000,0x0000,0x7b9a,0x7b9a,0x7b9a,0x7b9a,0x7b9a,
    0x7b9a,0x7b9a,0x7b9a,0x7b9a,0x7b9a,0x7b9a,0x7b9a,0x7b9a,0x7b9a,0x7b9a,0x7b9a,0x7b9a,0x7b9a,0x7b9a,0x7b9a,0x0000,
    0x0000,0x0000,0x0000,0x0000,0x7b9a,0x7b9a,0x7b9a,0x7b9a,0x7b9a,0x7b9a,0x7b9a,0x7b9a,0x7b9a,0x7b9a,0x7b9a,0x7b9a,
    0x7b9a,0x7b9a,0x7b9a,0x7b9a,0x7b9a,0x7b9a,0x7b9a,0x0000,0x0000,0x0000,0x0000,0x0000,0x0000,0x7b9a,0x7b9a,0x7b9a,
    0x7b9a,0x7b9a,0x7b9a,0x7b9a,0x7b9a,0x7b9a,0x7b9a,0x7b9a,0x7b9a,0x7b9a,0x7b9a,0x7b9a,0x7b9a,0x7b9a,0x7b9a,0x0000,
    0x0000,0x0000,0x0000,0x0000,0x0000,0x7b9a,0x7b9a,0x7b9a,0x7b9a,0x7b9a,0x7b9a,0x7b9a,0x7b9a,0x7b9a,0x7b9a,0x7b9a,
    0x7b9a,0x7b9a,0x7b9a,0x7b9a,0x7b9a,0x7b9a,0x7b9a,0x0000,0x0000,0x0000,0x0000,0x0000,0x0000,0x0000,0x7b9a,0x7b9a,
    0x7b9a,0x7b9a,0x7b9a,0x7b9a,0x7b9a,0x7b9a,0x7b9a,0x7b9a,0x7b9a,0x7b9a,0x7b9a,0x7b9a,0x7b9a,0x7b9a,0x0000,0x0000,
    0x0000,0x0000,0x0000,0x0000,0x0000,0x0000,0x0000,0x7b9a,0x7b9a,0x7b9a,0x7b9a,0x7b9a,0x7b9a,0x7b9a,0x7b9a,0x7b9a,
    0x7b9a,0x7b9a,0x7b9a,0x7b9a,0x7b9a,0x0000,0x0000,0x0000,0x0000,0x0000,0x0000,0x0000,0x0000,0x0000,0x0000,0x0000,
    0x0000,0x7b9a,0x7b9a,0x7b9a,0x7b9a,0x7b9a,0x7b9a,0x7b9a,0x7b9a,0x7b9a,0x7b9a,0x0000,0x0000,0x0000,0x0000,0x0000,
    0x0000,0x0000,0x0000,0x0000,0x0000,0x0000,0x0000,0x0000,
};
static const uint16_t icon_rt[576] = {
    0x0000,0x7b9a,0x7b9a,0x7b9a,0x7b9a,0x7b9a,0x7b9a,0x7b9a,0x7b9a,0x7b9a,0x7b9a,0x7b9a,0x7b9a,0x7b9a,0x7b9a,0x7b9a,
    0x7b9a,0x7b9a,0x7b9a,0x7b9a,0x7b9a,0x0000,0x0000,0x0000,0x7b9a,0x7b9a,0x7b9a,0x7b9a,0x7b9a,0x7b9a,0x7b9a,0x7b9a,
    0x7b9a,0x7b9a,0x7b9a,0x7b9a,0x7b9a,0x7b9a,0x7b9a,0x7b9a,0x7b9a,0x7b9a,0x7b9a,0x7b9a,0x7b9a,0x0000,0x0000,0x0000,
    0x7b9a,0x7b9a,0x7b9a,0x7b9a,0x7b9a,0x7b9a,0x7b9a,0x7b9a,0x7b9a,0x7b9a,0x7b9a,0x7b9a,0x7b9a,0x7b9a,0x7b9a,0x7b9a,
    0x7b9a,0x7b9a,0x7b9a,0x7b9a,0x7b9a,0x0000,0x0000,0x0000,0x7f9a,0x7b9a,0x7b9a,0x7b9a,0x7b9a,0x7b9a,0x7b9a,0x7b9a,
    0x7b9a,0x7b9a,0x7b9a,0x7b9a,0x7b9a,0x7b9a,0x7b9a,0x7b9a,0x7b9a,0x7b9a,0x7b9a,0x7b9a,0x7b9a,0x0000,0x0000,0x0000,
    0x7b9a,0x7b9a,0x7b9a,0x7b9a,0x4a0f,0x4a0f,0x4a0f,0x4a0f,0x5672,0x6f37,0x7b9a,0x5672,0x4a0f,0x4a0f,0x4a0f,0x4a0f,
    0x4a0f,0x4a0f,0x62d4,0x7b9a,0x7b9a,0x0000,0x0000,0x0000,0x7b9a,0x7b9a,0x7b9a,0x7b9a,0x1483,0x1483,0x1483,0x1483,
    0x1483,0x20e6,0x6af6,0x2d49,0x1483,0x1483,0x1483,0x1483,0x1483,0x1483,0x4a0f,0x7b9a,0x7b9a,0x0000,0x0000,0x0000,
    0x7b9a,0x7b9a,0x7b9a,0x7b9a,0x1483,0x1483,0x62d5,0x62d4,0x18a4,0x1483,0x41cd,0x6af6,0x62d4,0x4e30,0x1483,0x1483,
    0x62d4,0x62d4,0x6f37,0x7b9a,0x0000,0x0000,0x0000,0x0000,0x7b9a,0x7b9a,0x7b9a,0x7b9a,0x1483,0x1483,0x6f37,0x7b9a,
    0x356a,0x1483,0x41cd,0x7b9a,0x7b9a,0x62d4,0x1483,0x1483,0x7b9a,0x7b9a,0x7b9a,0x7b9a,0x0000,0x0000,0x0000,0x0000,
    0x7b9a,0x7b9a,0x7b9a,0x7b9a,0x1483,0x1483,0x41cd,0x39ac,0x1483,0x18a4,0x6f37,0x7b9a,0x7b9a,0x62d4,0x1483,0x1483,
    0x7b9a,0x7b9a,0x7b9a,0x7b9a,0x0000,0x0000,0x0000,0x0000,0x7b9a,0x7b9a,0x7b9a,0x7b9a,0x1483,0x1483,0x1483,0x1483,
    0x1483,0x6af6,0x7b9a,0x7b9a,0x7b9a,0x62d4,0x1483,0x1483,0x7b9a,0x7b9a,0x7b9a,0x7b9a,0x0000,0x0000,0x0000,0x0000,
    0x7b9a,0x7b9a,0x7b9a,0x7b9a,0x1483,0x1483,0x5a93,0x356a,0x1483,0x2d49,0x7b9a,0x7b9a,0x7b9a,0x62d4,0x1483,0x1483,
    0x7b9a,0x7b9a,0x7b9a,0x7b9a,0x0000,0x0000,0x0000,0x0000,0x0000,0x7b9a,0x7b9a,0x7b9a,0x1483,0x1483,0x6f37,0x7759,
    0x18a4,0x1483,0x4e30,0x7b9a,0x7b9a,0x62d4,0x1483,0x1483,0x7b9a,0x7b9a,0x7b9a,0x7b9a,0x7b9a,0x0000,0x0000,0x0000,
    0x0000,0x7b9a,0x7b9a,0x7b9a,0x1483,0x1483,0x6f37,0x7b9a,0x4e30,0x1483,0x18a5,0x7759,0x7b9a,0x62d4,0x1483,0x1483,
    0x7b9a,0x7b9a,0x7b9a,0x7b9a,0x7b9a,0x0000,0x0000,0x0000,0x0000,0x7b9a,0x7b9a,0x7b9a,0x39ac,0x39ac,0x7759,0x7b9a,
    0x7b9a,0x41cd,0x39ac,0x5672,0x7b9a,0x6f37,0x39ac,0x39ac,0x7b9a,0x7b9a,0x7b9a,0x7b9a,0x7b9a,0x0000,0x0000,0x0000,
    0x0000,0x7b9a,0x7b9a,0x7b9a,0x7b9a,0x7b9a,0x7b9a,0x7b9a,0x7b9a,0x7b9a,0x7b9a,0x7b9a,0x7b9a,0x7b9a,0x7b9a,0x7b9a,
    0x7b9a,0x7b9a,0x7b9a,0x7b9a,0x7b9a,0x0000,0x0000,0x0000,0x0000,0x0000,0x7b9a,0x7b9a,0x7b9a,0x7b9a,0x7b9a,0x7b9a,
    0x7b9a,0x7b9a,0x7b9a,0x7b9a,0x7b9a,0x7b9a,0x7b9a,0x7b9a,0x7b9a,0x7b9a,0x7b9a,0x7b9a,0x7b9a,0x0000,0x0000,0x0000,
    0x0000,0x0000,0x7b9a,0x7b9a,0x7b9a,0x7b9a,0x7b9a,0x7b9a,0x7b9a,0x7b9a,0x7b9a,0x7b9a,0x7b9a,0x7b9a,0x7b9a,0x7b9a,
    0x7b9a,0x7b9a,0x7b9a,0x7b9a,0x7b9a,0x7b9a,0x0000,0x0000,0x0000,0x0000,0x0000,0x7b9a,0x7b9a,0x7b9a,0x7b9a,0x7b9a,
    0x7b9a,0x7b9a,0x7b9a,0x7b9a,0x7b9a,0x7b9a,0x7b9a,0x7b9a,0x7b9a,0x7b9a,0x7b9a,0x7b9a,0x7b9a,0x7b9a,0x0000,0x0000,
    0x0000,0x0000,0x0000,0x0000,0x7b9a,0x7b9a,0x7b9a,0x7b9a,0x7b9a,0x7b9a,0x7b9a,0x7b9a,0x7b9a,0x7b9a,0x7b9a,0x7b9a,
    0x7b9a,0x7b9a,0x7b9a,0x7b9a,0x7b9a,0x7b9a,0x0000,0x0000,0x0000,0x0000,0x0000,0x0000,0x0000,0x7b9a,0x7b9a,0x7b9a,
    0x7b9a,0x7b9a,0x7b9a,0x7b9a,0x7b9a,0x7b9a,0x7b9a,0x7b9a,0x7b9a,0x7b9a,0x7b9a,0x7b9a,0x7b9a,0x7b9a,0x7b9a,0x0000,
    0x0000,0x0000,0x0000,0x0000,0x0000,0x0000,0x7b9a,0x7b9a,0x7b9a,0x7b9a,0x7b9a,0x7b9a,0x7b9a,0x7b9a,0x7b9a,0x7b9a,
    0x7b9a,0x7b9a,0x7b9a,0x7b9a,0x7b9a,0x7b9a,0x7b9a,0x0000,0x0000,0x0000,0x0000,0x0000,0x0000,0x0000,0x0000,0x7b9a,
    0x7b9a,0x7b9a,0x7b9a,0x7b9a,0x7b9a,0x7b9a,0x7b9a,0x7b9a,0x7b9a,0x7b9a,0x7b9a,0x7b9a,0x7b9a,0x7b9a,0x7b9a,0x7b9a,
    0x0000,0x0000,0x0000,0x0000,0x0000,0x0000,0x0000,0x0000,0x0000,0x7b9a,0x7b9a,0x7b9a,0x7b9a,0x7b9a,0x7b9a,0x7b9a,
    0x7b9a,0x7b9a,0x7b9a,0x7b9a,0x7b9a,0x7b9a,0x7b9a,0x7b9a,0x0000,0x0000,0x0000,0x0000,0x0000,0x0000,0x0000,0x0000,
    0x0000,0x0000,0x0000,0x0000,0x7b9a,0x7b9a,0x7b9a,0x7b9a,0x7b9a,0x7b9a,0x7b9a,0x7b9a,0x7b9a,0x7b9a,0x7b9a,0x0000,
};
static const uint16_t icon_dpad[324] = {
    0x0000,0x0000,0x0000,0x0000,0x0000,0x0000,0x7b9a,0x7b9a,0x7b9a,0x7b9a,0x7b9a,0x7b9a,0x0000,0x0000,0x0000,0x0000,
    0x0000,0x0000,0x0000,0x0000,0x0000,0x0000,0x0000,0x0000,0x7b9a,0x7b9a,0x7b9a,0x7b9a,0x7b9a,0x7b9a,0x0000,0x0000,
    0x0000,0x0000,0x0000,0x0000,0x0000,0x0000,0x0000,0x0000,0x0000,0x0000,0x7b9a,0x7b9a,0x7b9a,0x7b9a,0x7b9a,0x7b9a,
    0x0000,0x0000,0x0000,0x0000,0x0000,0x0000,0x0000,0x0000,0x0000,0x0000,0x0000,0x0000,0x7b9a,0x7b9a,0x7b9a,0x7b9a,
    0x7b9a,0x7b9a,0x0000,0x0000,0x0000,0x0000,0x0000,0x0000,0x0000,0x0000,0x0000,0x0000,0x0000,0x0000,0x7b9a,0x7b9a,
    0x7b9a,0x7b9a,0x7b9a,0x7b9a,0x0000,0x0000,0x0000,0x0000,0x0000,0x0000,0x0000,0x0000,0x0000,0x0000,0x0000,0x0000,
    0x7b9a,0x7b9a,0x7b9a,0x7b9a,0x7b9a,0x7b9a,0x0000,0x0000,0x0000,0x0000,0x0000,0x0000,0x7b9a,0x7b9a,0x7b9a,0x7b9a,
    0x7b9a,0x7b9a,0x7b9a,0x7b9a,0x7b9a,0x7b9a,0x7b9a,0x7b9a,0x7b9a,0x7b9a,0x7b9a,0x7b9a,0x7b9a,0x7b9a,0x7b9a,0x7b9a,
    0x7b9a,0x7b9a,0x7b9a,0x7b9a,0x7b9a,0x7b9a,0x7b9a,0x7b9a,0x7b9a,0x7b9a,0x7b9a,0x7b9a,0x7b9a,0x7b9a,0x7b9a,0x7b9a,
    0x7b9a,0x7b9a,0x7b9a,0x7b9a,0x7b9a,0x7b9a,0x7b9a,0x7b9a,0x7b9a,0x7b9a,0x7b9a,0x7b9a,0x7b9a,0x7b9a,0x7b9a,0x7b9a,
    0x7b9a,0x7b9a,0x7b9a,0x7b9a,0x7b9a,0x7b9a,0x7b9a,0x7b9a,0x7b9a,0x7b9a,0x7b9a,0x7b9a,0x7b9a,0x7b9a,0x7b9a,0x7b9a,
    0x7b9a,0x7b9a,0x7b9a,0x7b9a,0x7b9a,0x7b9a,0x7b9a,0x7b9a,0x7b9a,0x7b9a,0x7b9a,0x7b9a,0x7b9a,0x7b9a,0x7b9a,0x7b9a,
    0x7b9a,0x7b9a,0x7b9a,0x7b9a,0x7b9a,0x7b9a,0x7b9a,0x7b9a,0x7b9a,0x7b9a,0x7b9a,0x7b9a,0x7b9a,0x7b9a,0x7b9a,0x7b9a,
    0x7b9a,0x7b9a,0x7b9a,0x7b9a,0x7b9a,0x7b9a,0x7b9a,0x7b9a,0x0000,0x0000,0x0000,0x0000,0x0000,0x0000,0x7b9a,0x7b9a,
    0x7b9a,0x7b9a,0x7b9a,0x7b9a,0x0000,0x0000,0x0000,0x0000,0x0000,0x0000,0x0000,0x0000,0x0000,0x0000,0x0000,0x0000,
    0x7b9a,0x7b9a,0x7b9a,0x7b9a,0x7b9a,0x7b9a,0x0000,0x0000,0x0000,0x0000,0x0000,0x0000,0x0000,0x0000,0x0000,0x0000,
    0x0000,0x0000,0x7b9a,0x7b9a,0x7b9a,0x7b9a,0x7b9a,0x7b9a,0x0000,0x0000,0x0000,0x0000,0x0000,0x0000,0x0000,0x0000,
    0x0000,0x0000,0x0000,0x0000,0x7b9a,0x7b9a,0x7b9a,0x7b9a,0x7b9a,0x7b9a,0x0000,0x0000,0x0000,0x0000,0x0000,0x0000,
    0x0000,0x0000,0x0000,0x0000,0x0000,0x0000,0x7b9a,0x7b9a,0x7b9a,0x7b9a,0x7b9a,0x7b9a,0x0000,0x0000,0x0000,0x0000,
    0x0000,0x0000,0x0000,0x0000,0x0000,0x0000,0x0000,0x0000,0x7b9a,0x7b9a,0x7b9a,0x7b9a,0x7b9a,0x7b9a,0x0000,0x0000,
    0x0000,0x0000,0x0000,0x0000,
};
static const uint16_t icon_dpad_left[324] = {
    0x0000,0x0000,0x0000,0x0000,0x0000,0x0000,0x7b9a,0x7b9a,0x7b9a,0x7b9a,0x7b9a,0x7b9a,0x0000,0x0000,0x0000,0x0000,
    0x0000,0x0000,0x0000,0x0000,0x0000,0x0000,0x0000,0x0000,0x7b9a,0x0000,0x0000,0x0000,0x0000,0x7b9a,0x0000,0x0000,
    0x0000,0x0000,0x0000,0x0000,0x0000,0x0000,0x0000,0x0000,0x0000,0x0000,0x7b9a,0x0000,0x0000,0x0000,0x0000,0x7b9a,
    0x0000,0x0000,0x0000,0x0000,0x0000,0x0000,0x0000,0x0000,0x0000,0x0000,0x0000,0x0000,0x7b9a,0x0000,0x0000,0x0000,
    0x0000,0x7b9a,0x0000,0x0000,0x0000,0x0000,0x0000,0x0000,0x0000,0x0000,0x0000,0x0000,0x0000,0x0000,0x7b9a,0x0000,
    0x0000,0x0000,0x0000,0x7b9a,0x0000,0x0000,0x0000,0x0000,0x0000,0x0000,0x0000,0x0000,0x0000,0x0000,0x0000,0x0000,
    0x0000,0x0000,0x0000,0x0000,0x0000,0x7b9a,0x0000,0x0000,0x0000,0x0000,0x0000,0x0000,0x7b9a,0x7b9a,0x7b9a,0x7b9a,
    0x7b9a,0x7b9a,0x0000,0x0000,0x0000,0x0000,0x0000,0x0000,0x7b9a,0x7b9a,0x7b9a,0x7b9a,0x7b9a,0x7b9a,0x7b9a,0x7b9a,
    0x7b9a,0x7b9a,0x7b9a,0x7b9a,0x0000,0x0000,0x0000,0x0000,0x0000,0x0000,0x0000,0x0000,0x0000,0x0000,0x0000,0x7b9a,
    0x7b9a,0x7b9a,0x7b9a,0x7b9a,0x7b9a,0x7b9a,0x0000,0x0000,0x0000,0x0000,0x0000,0x0000,0x0000,0x0000,0x0000,0x0000,
    0x0000,0x7b9a,0x7b9a,0x7b9a,0x7b9a,0x7b9a,0x7b9a,0x7b9a,0x0000,0x0000,0x0000,0x0000,0x0000,0x0000,0x0000,0x0000,
    0x0000,0x0000,0x0000,0x7b9a,0x7b9a,0x7b9a,0x7b9a,0x7b9a,0x7b9a,0x7b9a,0x0000,0x0000,0x0000,0x0000,0x0000,0x0000,
    0x0000,0x0000,0x0000,0x0000,0x0000,0x7b9a,0x7b9a,0x7b9a,0x7b9a,0x7b9a,0x7b9a,0x7b9a,0x0000,0x0000,0x0000,0x0000,
    0x0000,0x0000,0x7b9a,0x7b9a,0x7b9a,0x7b9a,0x7b9a,0x7b9a,0x0000,0x0000,0x0000,0x0000,0x0000,0x0000,0x0000,0x0000,
    0x0000,0x0000,0x0000,0x7b9a,0x0000,0x0000,0x0000,0x0000,0x0000,0x0000,0x0000,0x0000,0x0000,0x0000,0x0000,0x0000,
    0x7b9a,0x0000,0x0000,0x0000,0x0000,0x7b9a,0x0000,0x0000,0x0000,0x0000,0x0000,0x0000,0x0000,0x0000,0x0000,0x0000,
    0x0000,0x0000,0x7b9a,0x0000,0x0000,0x0000,0x0000,0x7b9a,0x0000,0x0000,0x0000,0x0000,0x0000,0x0000,0x0000,0x0000,
    0x0000,0x0000,0x0000,0x0000,0x7b9a,0x0000,0x0000,0x0000,0x0000,0x7b9a,0x0000,0x0000,0x0000,0x0000,0x0000,0x0000,
    0x0000,0x0000,0x0000,0x0000,0x0000,0x0000,0x7b9a,0x0000,0x0000,0x0000,0x0000,0x7b9a,0x0000,0x0000,0x0000,0x0000,
    0x0000,0x0000,0x0000,0x0000,0x0000,0x0000,0x0000,0x0000,0x7b9a,0x7b9a,0x7b9a,0x7b9a,0x7b9a,0x7b9a,0x0000,0x0000,
    0x0000,0x0000,0x0000,0x0000,
};
static const uint16_t icon_dpad_up[324] = {
    0x0000,0x0000,0x0000,0x0000,0x0000,0x0000,0x7b9a,0x7b9a,0x7b9a,0x7b9a,0x7b9a,0x7b9a,0x0000,0x0000,0x0000,0x0000,
    0x0000,0x0000,0x0000,0x0000,0x0000,0x0000,0x0000,0x0000,0x7b9a,0x7b9a,0x7b9a,0x7b9a,0x7b9a,0x7b9a,0x0000,0x0000,
    0x0000,0x0000,0x0000,0x0000,0x0000,0x0000,0x0000,0x0000,0x0000,0x0000,0x7b9a,0x7b9a,0x7b9a,0x7b9a,0x7b9a,0x7b9a,
    0x0000,0x0000,0x0000,0x0000,0x0000,0x0000,0x0000,0x0000,0x0000,0x0000,0x0000,0x0000,0x7b9a,0x7b9a,0x7b9a,0x7b9a,
    0x7b9a,0x7b9a,0x0000,0x0000,0x0000,0x0000,0x0000,0x0000,0x0000,0x0000,0x0000,0x0000,0x0000,0x0000,0x7b9a,0x7b9a,
    0x7b9a,0x7b9a,0x7b9a,0x7b9a,0x0000,0x0000,0x0000,0x0000,0x0000,0x0000,0x0000,0x0000,0x0000,0x0000,0x0000,0x0000,
    0x7b9a,0x7b9a,0x7b9a,0x7b9a,0x7b9a,0x7b9a,0x0000,0x0000,0x0000,0x0000,0x0000,0x0000,0x7b9a,0x7b9a,0x7b9a,0x7b9a,
    0x7b9a,0x0000,0x0000,0x0000,0x0000,0x0000,0x0000,0x0000,0x0000,0x7b9a,0x7b9a,0x7b9a,0x7b9a,0x7b9a,0x7b9a,0x0000,
    0x0000,0x0000,0x0000,0x0000,0x0000,0x0000,0x0000,0x0000,0x0000,0x0000,0x0000,0x0000,0x0000,0x0000,0x0000,0x7b9a,
    0x7b9a,0x0000,0x0000,0x0000,0x0000,0x0000,0x0000,0x0000,0x0000,0x0000,0x0000,0x0000,0x0000,0x0000,0x0000,0x0000,
    0x0000,0x7b9a,0x7b9a,0x0000,0x0000,0x0000,0x0000,0x0000,0x0000,0x0000,0x0000,0x0000,0x0000,0x0000,0x0000,0x0000,
    0x0000,0x0000,0x0000,0x7b9a,0x7b9a,0x0000,0x0000,0x0000,0x0000,0x0000,0x0000,0x0000,0x0000,0x0000,0x0000,0x0000,
    0x0000,0x0000,0x0000,0x0000,0x0000,0x7b9a,0x7b9a,0x7b9a,0x7b9a,0x7b9a,0x7b9a,0x7b9a,0x0000,0x0000,0x0000,0x0000,
    0x0000,0x0000,0x7b9a,0x7b9a,0x7b9a,0x7b9a,0x7b9a,0x7b9a,0x0000,0x0000,0x0000,0x0000,0x0000,0x0000,0x7b9a,0x0000,
    0x0000,0x0000,0x0000,0x7b9a,0x0000,0x0000,0x0000,0x0000,0x0000,0x0000,0x0000,0x0000,0x0000,0x0000,0x0000,0x0000,
    0x7b9a,0x0000,0x0000,0x0000,0x0000,0x7b9a,0x0000,0x0000,0x0000,0x0000,0x0000,0x0000,0x0000,0x0000,0x0000,0x0000,
    0x0000,0x0000,0x7b9a,0x0000,0x0000,0x0000,0x0000,0x7b9a,0x0000,0x0000,0x0000,0x0000,0x0000,0x0000,0x0000,0x0000,
    0x0000,0x0000,0x0000,0x0000,0x7b9a,0x0000,0x0000,0x0000,0x0000,0x7b9a,0x0000,0x0000,0x0000,0x0000,0x0000,0x0000,
    0x0000,0x0000,0x0000,0x0000,0x0000,0x0000,0x7b9a,0x0000,0x0000,0x0000,0x0000,0x7b9a,0x0000,0x0000,0x0000,0x0000,
    0x0000,0x0000,0x0000,0x0000,0x0000,0x0000,0x0000,0x0000,0x7b9a,0x7b9a,0x7b9a,0x7b9a,0x7b9a,0x7b9a,0x0000,0x0000,
    0x0000,0x0000,0x0000,0x0000,
};
static const uint16_t icon_dpad_right[324] = {
    0x0000,0x0000,0x0000,0x0000,0x0000,0x0000,0x7b9a,0x7b9a,0x7b9a,0x7b9a,0x7b9a,0x7b9a,0x0000,0x0000,0x0000,0x0000,
    0x0000,0x0000,0x0000,0x0000,0x0000,0x0000,0x0000,0x0000,0x7b9a,0x0000,0x0000,0x0000,0x0000,0x7b9a,0x0000,0x0000,
    0x0000,0x0000,0x0000,0x0000,0x0000,0x0000,0x0000,0x0000,0x0000,0x0000,0x7b9a,0x0000,0x0000,0x0000,0x0000,0x7b9a,
    0x0000,0x0000,0x0000,0x0000,0x0000,0x0000,0x0000,0x0000,0x0000,0x0000,0x0000,0x0000,0x7b9a,0x0000,0x0000,0x0000,
    0x0000,0x7b9a,0x0000,0x0000,0x0000,0x0000,0x0000,0x0000,0x0000,0x0000,0x0000,0x0000,0x0000,0x0000,0x7b9a,0x0000,
    0x0000,0x0000,0x0000,0x7b9a,0x0000,0x0000,0x0000,0x0000,0x0000,0x0000,0x0000,0x0000,0x0000,0x0000,0x0000,0x0000,
    0x7b9a,0x0000,0x0000,0x0000,0x0000,0x0000,0x0000,0x0000,0x0000,0x0000,0x0000,0x0000,0x7b9a,0x7b9a,0x7b9a,0x7b9a,
    0x7b9a,0x7b9a,0x0000,0x0000,0x0000,0x0000,0x0000,0x0000,0x7b9a,0x7b9a,0x7b9a,0x7b9a,0x7b9a,0x7b9a,0x7b9a,0x0000,
    0x0000,0x0000,0x0000,0x0000,0x0000,0x0000,0x0000,0x0000,0x0000,0x0000,0x7b9a,0x7b9a,0x7b9a,0x7b9a,0x7b9a,0x7b9a,
    0x7b9a,0x0000,0x0000,0x0000,0x0000,0x0000,0x0000,0x0000,0x0000,0x0000,0x0000,0x0000,0x7b9a,0x7b9a,0x7b9a,0x7b9a,
    0x7b9a,0x7b9a,0x7b9a,0x0000,0x0000,0x0000,0x0000,0x0000,0x0000,0x0000,0x0000,0x0000,0x0000,0x0000,0x7b9a,0x7b9a,
    0x7b9a,0x7b9a,0x7b9a,0x7b9a,0x7b9a,0x0000,0x0000,0x0000,0x0000,0x0000,0x0000,0x0000,0x0000,0x0000,0x0000,0x0000,
    0x7b9a,0x7b9a,0x7b9a,0x7b9a,0x7b9a,0x7b9a,0x7b9a,0x7b9a,0x7b9a,0x7b9a,0x7b9a,0x7b9a,0x0000,0x0000,0x0000,0x0000,
    0x0000,0x0000,0x7b9a,0x7b9a,0x7b9a,0x7b9a,0x7b9a,0x7b9a,0x0000,0x0000,0x0000,0x0000,0x0000,0x0000,0x7b9a,0x0000,
    0x0000,0x0000,0x0000,0x0000,0x0000,0x0000,0x0000,0x0000,0x0000,0x0000,0x0000,0x0000,0x0000,0x0000,0x0000,0x0000,
    0x7b9a,0x0000,0x0000,0x0000,0x0000,0x7b9a,0x0000,0x0000,0x0000,0x0000,0x0000,0x0000,0x0000,0x0000,0x0000,0x0000,
    0x0000,0x0000,0x7b9a,0x0000,0x0000,0x0000,0x0000,0x7b9a,0x0000,0x0000,0x0000,0x0000,0x0000,0x0000,0x0000,0x0000,
    0x0000,0x0000,0x0000,0x0000,0x7b9a,0x0000,0x0000,0x0000,0x0000,0x7b9a,0x0000,0x0000,0x0000,0x0000,0x0000,0x0000,
    0x0000,0x0000,0x0000,0x0000,0x0000,0x0000,0x7b9a,0x0000,0x0000,0x0000,0x0000,0x7b9a,0x0000,0x0000,0x0000,0x0000,
    0x0000,0x0000,0x0000,0x0000,0x0000,0x0000,0x0000,0x0000,0x7b9a,0x7b9a,0x7b9a,0x7b9a,0x7b9a,0x7b9a,0x0000,0x0000,
    0x0000,0x0000,0x0000,0x0000,
};
static const uint16_t icon_dpad_down[324] = {
    0x0000,0x0000,0x0000,0x0000,0x0000,0x0000,0x7b9a,0x7b9a,0x7b9a,0x7b9a,0x7b9a,0x7b9a,0x0000,0x0000,0x0000,0x0000,
    0x0000,0x0000,0x0000,0x0000,0x0000,0x0000,0x0000,0x0000,0x7b9a,0x0000,0x0000,0x0000,0x0000,0x7b9a,0x0000,0x0000,
    0x0000,0x0000,0x0000,0x0000,0x0000,0x0000,0x0000,0x0000,0x0000,0x0000,0x7b9a,0x0000,0x0000,0x0000,0x0000,0x7b9a,
    0x0000,0x0000,0x0000,0x0000,0x0000,0x0000,0x0000,0x0000,0x0000,0x0000,0x0000,0x0000,0x7b9a,0x0000,0x0000,0x0000,
    0x0000,0x7b9a,0x0000,0x0000,0x0000,0x0000,0x0000,0x0000,0x0000,0x0000,0x0000,0x0000,0x0000,0x0000,0x7b9a,0x0000,
    0x0000,0x0000,0x0000,0x7b9a,0x0000,0x0000,0x0000,0x0000,0x0000,0x0000,0x0000,0x0000,0x0000,0x0000,0x0000,0x0000,
    0x7b9a,0x0000,0x0000,0x0000,0x0000,0x7b9a,0x0000,0x0000,0x0000,0x0000,0x0000,0x0000,0x7b9a,0x7b9a,0x7b9a,0x7b9a,
    0x7b9a,0x7b9a,0x0000,0x0000,0x0000,0x0000,0x0000,0x0000,0x7b9a,0x7b9a,0x7b9a,0x7b9a,0x7b9a,0x7b9a,0x7b9a,0x0000,
    0x0000,0x0000,0x0000,0x0000,0x0000,0x0000,0x0000,0x0000,0x0000,0x0000,0x0000,0x0000,0x0000,0x0000,0x0000,0x7b9a,
    0x7b9a,0x0000,0x0000,0x0000,0x0000,0x0000,0x0000,0x0000,0x0000,0x0000,0x0000,0x0000,0x0000,0x0000,0x0000,0x0000,
    0x0000,0x7b9a,0x7b9a,0x0000,0x0000,0x0000,0x0000,0x0000,0x0000,0x0000,0x0000,0x0000,0x0000,0x0000,0x0000,0x0000,
    0x0000,0x0000,0x0000,0x7b9a,0x7b9a,0x0000,0x0000,0x0000,0x0000,0x0000,0x0000,0x0000,0x0000,0x0000,0x0000,0x0000,
    0x0000,0x0000,0x0000,0x0000,0x0000,0x7b9a,0x7b9a,0x7b9a,0x7b9a,0x7b9a,0x7b9a,0x0000,0x0000,0x0000,0x0000,0x0000,
    0x0000,0x0000,0x0000,0x7b9a,0x7b9a,0x7b9a,0x7b9a,0x7b9a,0x0000,0x0000,0x0000,0x0000,0x0000,0x0000,0x7b9a,0x7b9a,
    0x7b9a,0x7b9a,0x7b9a,0x7b9a,0x0000,0x0000,0x0000,0x0000,0x0000,0x0000,0x0000,0x0000,0x0000,0x0000,0x0000,0x0000,
    0x7b9a,0x7b9a,0x7b9a,0x7b9a,0x7b9a,0x7b9a,0x0000,0x0000,0x0000,0x0000,0x0000,0x0000,0x0000,0x0000,0x0000,0x0000,
    0x0000,0x0000,0x7b9a,0x7b9a,0x7b9a,0x7b9a,0x7b9a,0x7b9a,0x0000,0x0000,0x0000,0x0000,0x0000,0x0000,0x0000,0x0000,
    0x0000,0x0000,0x0000,0x0000,0x7b9a,0x7b9a,0x7b9a,0x7b9a,0x7b9a,0x7b9a,0x0000,0x0000,0x0000,0x0000,0x0000,0x0000,
    0x0000,0x0000,0x0000,0x0000,0x0000,0x0000,0x7b9a,0x7b9a,0x7b9a,0x7b9a,0x7b9a,0x7b9a,0x0000,0x0000,0x0000,0x0000,
    0x0000,0x0000,0x0000,0x0000,0x0000,0x0000,0x0000,0x0000,0x7b9a,0x7b9a,0x7b9a,0x7b9a,0x7b9a,0x7b9a,0x0000,0x0000,
    0x0000,0x0000,0x0000,0x0000,
};
static const uint16_t icon_right_stick_all[676] = {
    0x0000,0x0000,0x0000,0x0000,0x0000,0x0000,0x0000,0x0000,0x0000,0x0000,0x0000,0x0000,0x7b9a,0x7b9a,0x0000,0x0000,
    0x0000,0x0000,0x0000,0x0000,0x0000,0x0000,0x0000,0x0000,0x0000,0x0000,0x0000,0x0000,0x0000,0x0000,0x0000,0x0000,
    0x0000,0x0000,0x0000,0x0000,0x0000,0x7b9a,0x7b9a,0x7b9a,0x7b9a,0x0000,0x0000,0x0000,0x0000,0x0000,0x0000,0x0000,
    0x0000,0x0000,0x0000,0x0000,0x0000,0x0000,0x0000,0x0000,0x0000,0x0000,0x0000,0x0000,0x0000,0x0000,0x7b9a,0x7b9a,
    0x7b9a,0x7b9a,0x7b9a,0x7b9a,0x0000,0x0000,0x0000,0x0000,0x0000,0x0000,0x0000,0x0000,0x0000,0x0000,0x0000,0x0000,
    0x0000,0x0000,0x0000,0x0000,0x0000,0x0000,0x0000,0x0000,0x0000,0x0000,0x0000,0x0000,0x0000,0x0000,0x0000,0x0000,
    0x0000,0x0000,0x0000,0x0000,0x0000,0x0000,0x0000,0x0000,0x0000,0x0000,0x0000,0x0000,0x0000,0x0000,0x0000,0x0000,
    0x0000,0x7b9a,0x5eb4,0x4e30,0x4a0f,0x4a0f,0x5a93,0x6b17,0x0000,0x0000,0x0000,0x0000,0x0000,0x0000,0x0000,0x0000,
    0x0000,0x0000,0x0000,0x0000,0x0000,0x0000,0x0000,0x0000,0x0000,0x7b9a,0x4e30,0x2907,0x4a0f,0x62d5,0x6f37,0x6af6,
    0x5a93,0x39ac,0x39ac,0x6f17,0x0000,0x0000,0x0000,0x0000,0x0000,0x0000,0x0000,0x0000,0x0000,0x0000,0x0000,0x0000,
    0x0000,0x0000,0x7b9a,0x39ac,0x4e30,0x7b9a,0x7b9a,0x7b9a,0x7b9a,0x7b9a,0x7b9a,0x7b9a,0x6f37,0x356a,0x66f6,0x0000,
    0x0000,0x0000,0x0000,0x0000,0x0000,0x0000,0x0000,0x0000,0x0000,0x0000,0x0000,0x7b9a,0x41cd,0x6af6,0x7b9a,0x7b9a,
    0x7b9a,0x7b9a,0x7b9a,0x7b9a,0x7b9a,0x7b9a,0x7b9a,0x7b9a,0x39ac,0x66f6,0x0000,0x0000,0x0000,0x0000,0x0000,0x0000,
    0x0000,0x0000,0x0000,0x0000,0x0000,0x5672,0x4e30,0x7b9a,0x7b9a,0x62d4,0x2d49,0x2d49,0x2d49,0x2d49,0x41cd,0x6f37,
    0x7b9a,0x7b9a,0x7759,0x2d49,0x7358,0x0000,0x0000,0x0000,0x0000,0x0000,0x0000,0x0000,0x0000,0x0000,0x7b9a,0x2d49,
    0x7b9a,0x7b9a,0x7b9a,0x5672,0x1483,0x18a4,0x20e6,0x1483,0x1483,0x20e6,0x7b9a,0x7b9a,0x7b9a,0x5672,0x4e30,0x0000,
    0x7b9a,0x0000,0x0000,0x0000,0x0000,0x0000,0x7b9a,0x0000,0x5eb4,0x4e30,0x7b9a,0x7b9a,0x7b9a,0x5672,0x1483,0x2d49,
    0x7b9a,0x62d4,0x1483,0x1483,0x6f37,0x7b9a,0x7b9a,0x7759,0x356a,0x0000,0x7b9a,0x7b9a,0x0000,0x0000,0x0000,0x7b9a,
    0x7b9a,0x0000,0x4e30,0x62d5,0x7b9a,0x7b9a,0x7b9a,0x5672,0x1483,0x2d49,0x7b9a,0x6af6,0x1483,0x1483,0x7759,0x7b9a,
    0x7b9a,0x7b9a,0x356a,0x7b9a,0x0000,0x7b9a,0x7b9a,0x0000,0x7b9a,0x7b9a,0x7b9a,0x0000,0x4a0f,0x6f37,0x7b9a,0x7b9a,
    0x7b9a,0x5672,0x1483,0x18a5,0x2d49,0x18a4,0x1483,0x4a0f,0x7b9a,0x7b9a,0x7b9a,0x7b9a,0x39ac,0x7b9a,0x0000,0x7b9a,
    0x7b9a,0x0000,0x0000,0x7b9a,0x7b9a,0x0000,0x4a0f,0x6f37,0x7b9a,0x7b9a,0x7b9a,0x5672,0x1483,0x18a4,0x18a4,0x1483,
    0x2d49,0x7b9a,0x7b9a,0x7b9a,0x7b9a,0x7b9a,0x356a,0x7b9a,0x0000,0x7b9a,0x7b9a,0x0000,0x0000,0x7b9a,0x7b9a,0x0000,
    0x5672,0x5672,0x7b9a,0x7b9a,0x7b9a,0x5672,0x1483,0x2d49,0x6f37,0x20e6,0x1483,0x4e30,0x7b9a,0x7b9a,0x7b9a,0x7b9a,
    0x39ac,0x7b9a,0x0000,0x7b9a,0x0000,0x0000,0x0000,0x0000,0x7b9a,0x0000,0x7358,0x356a,0x7b9a,0x7b9a,0x7b9a,0x5672,
    0x1483,0x2d49,0x7b9a,0x62d4,0x1483,0x18a5,0x6f37,0x7b9a,0x7b9a,0x6f37,0x39ac,0x0000,0x7b9a,0x0000,0x0000,0x0000,
    0x0000,0x0000,0x0000,0x0000,0x0000,0x2d49,0x6f37,0x7b9a,0x7b9a,0x5672,0x1483,0x2d49,0x7b9a,0x7b9a,0x2d49,0x1483,
    0x2d49,0x7b9a,0x7b9a,0x39ac,0x6f17,0x0000,0x7b9a,0x0000,0x0000,0x0000,0x0000,0x0000,0x0000,0x0000,0x0000,0x6f17,
    0x2d49,0x7b9a,0x7b9a,0x6f37,0x5672,0x5a93,0x7b9a,0x7b9a,0x6f37,0x5672,0x5672,0x7759,0x5a93,0x4a0f,0x0000,0x0000,
    0x0000,0x0000,0x0000,0x0000,0x0000,0x0000,0x0000,0x0000,0x0000,0x0000,0x66f6,0x39ac,0x7759,0x7b9a,0x7b9a,0x7b9a,
    0x7b9a,0x7b9a,0x7b9a,0x7b9a,0x7b9a,0x5a93,0x41cd,0x7b9a,0x0000,0x0000,0x0000,0x0000,0x0000,0x0000,0x0000,0x0000,
    0x0000,0x0000,0x0000,0x0000,0x0000,0x6f17,0x2d49,0x5672,0x7b9a,0x7b9a,0x7b9a,0x7b9a,0x7b9a,0x6af6,0x39ac,0x41cd,
    0x7b9a,0x0000,0x0000,0x0000,0x0000,0x0000,0x0000,0x0000,0x0000,0x0000,0x0000,0x0000,0x0000,0x0000,0x0000,0x0000,
    0x7b9a,0x5672,0x356a,0x356a,0x39ac,0x39ac,0x2d49,0x41cd,0x5eb4,0x0000,0x0000,0x0000,0x0000,0x0000,0x0000,0x0000,
    0x0000,0x0000,0x0000,0x0000,0x0000,0x0000,0x0000,0x0000,0x0000,0x0000,0x0000,0x0000,0x0000,0x7b9a,0x7b9a,0x7b9a,
    0x7b9a,0x0000,0x0000,0x0000,0x0000,0x0000,0x0000,0x0000,0x0000,0x0000,0x0000,0x0000,0x0000,0x0000,0x0000,0x0000,
    0x0000,0x0000,0x0000,0x0000,0x0000,0x7b9a,0x7f9a,0x0000,0x0000,0x0000,0x0000,0x7f9a,0x7b9a,0x0000,0x0000,0x0000,
    0x0000,0x0000,0x0000,0x0000,0x0000,0x0000,0x0000,0x0000,0x0000,0x0000,0x0000,0x0000,0x0000,0x0000,0x0000,0x0000,
    0x7b9a,0x7b9a,0x7b9a,0x7b9a,0x7b9a,0x7b9a,0x0000,0x0000,0x0000,0x0000,0x0000,0x0000,0x0000,0x0000,0x0000,0x0000,
    0x0000,0x0000,0x0000,0x0000,0x0000,0x0000,0x0000,0x0000,0x0000,0x0000,0x0000,0x0000,0x7b9a,0x7b9a,0x0000,0x0000,
    0x0000,0x0000,0x0000,0x0000,0x0000,0x0000,0x0000,0x0000,0x0000,0x0000,0x0000,0x0000,0x0000,0x0000,0x0000,0x0000,
    0x0000,0x0000,0x0000,0x0000,0x0000,0x0000,0x0000,0x0000,0x0000,0x0000,0x0000,0x0000,0x0000,0x0000,0x0000,0x0000,
    0x0000,0x0000,0x0000,0x0000,
};
static const uint16_t icon_left_stick_all[676] = {
    0x0000,0x0000,0x0000,0x0000,0x0000,0x0000,0x0000,0x0000,0x0000,0x0000,0x0000,0x0000,0x0000,0x7b9a,0x0000,0x0000,
    0x0000,0x0000,0x0000,0x0000,0x0000,0x0000,0x0000,0x0000,0x0000,0x0000,0x0000,0x0000,0x0000,0x0000,0x0000,0x0000,
    0x0000,0x0000,0x0000,0x0000,0x0000,0x7b9a,0x7b9a,0x7b9a,0x7b9a,0x7b9a,0x0000,0x0000,0x0000,0x0000,0x0000,0x0000,
    0x0000,0x0000,0x0000,0x0000,0x0000,0x0000,0x0000,0x0000,0x0000,0x0000,0x0000,0x0000,0x0000,0x0000,0x7b9a,0x7b9a,
    0x7b9a,0x7b9a,0x7b9a,0x7b9a,0x7b9a,0x0000,0x0000,0x0000,0x0000,0x0000,0x0000,0x0000,0x0000,0x0000,0x0000,0x0000,
    0x0000,0x0000,0x0000,0x0000,0x0000,0x0000,0x0000,0x0000,0x0000,0x0000,0x0000,0x0000,0x0000,0x0000,0x0000,0x0000,
    0x0000,0x0000,0x0000,0x0000,0x0000,0x0000,0x0000,0x0000,0x0000,0x0000,0x0000,0x0000,0x0000,0x0000,0x0000,0x0000,
    0x0000,0x7b9a,0x7358,0x5672,0x4a0f,0x4a0f,0x4e30,0x5eb4,0x7b9a,0x0000,0x0000,0x0000,0x0000,0x0000,0x0000,0x0000,
    0x0000,0x0000,0x0000,0x0000,0x0000,0x0000,0x0000,0x0000,0x0000,0x0000,0x6f17,0x2d49,0x356a,0x5672,0x6f37,0x6f37,
    0x62d4,0x4e30,0x2d49,0x5672,0x7b9a,0x0000,0x0000,0x0000,0x0000,0x0000,0x0000,0x0000,0x0000,0x0000,0x0000,0x0000,
    0x0000,0x0000,0x0000,0x66f6,0x2d49,0x6f37,0x7b9a,0x7b9a,0x7b9a,0x7b9a,0x7b9a,0x7b9a,0x7b9a,0x4e30,0x41cd,0x7b9a,
    0x0000,0x0000,0x0000,0x0000,0x0000,0x0000,0x0000,0x0000,0x0000,0x0000,0x0000,0x0000,0x6f17,0x39ac,0x7b9a,0x7b9a,
    0x7b9a,0x7b9a,0x7b9a,0x7b9a,0x7b9a,0x7b9a,0x7b9a,0x7b9a,0x6af6,0x39ac,0x7b9a,0x0000,0x0000,0x0000,0x0000,0x0000,
    0x0000,0x0000,0x0000,0x0000,0x0000,0x7b9a,0x2d49,0x7759,0x7b9a,0x7b9a,0x7b9a,0x41cd,0x2d49,0x5a93,0x7b9a,0x7b9a,
    0x7b9a,0x7b9a,0x7b9a,0x4e30,0x4e30,0x0000,0x0000,0x0000,0x0000,0x0000,0x0000,0x0000,0x0000,0x7b9a,0x0000,0x5672,
    0x5672,0x7b9a,0x7b9a,0x7b9a,0x7b9a,0x2d49,0x1483,0x5672,0x7b9a,0x7b9a,0x7b9a,0x7b9a,0x7b9a,0x7b9a,0x2907,0x7b9a,
    0x0000,0x0000,0x0000,0x0000,0x0000,0x0000,0x7b9a,0x7b9a,0x0000,0x356a,0x7b9a,0x7b9a,0x7b9a,0x7b9a,0x7b9a,0x2d49,
    0x1483,0x5672,0x7b9a,0x7b9a,0x7b9a,0x7b9a,0x7b9a,0x7b9a,0x4a0f,0x62b4,0x0000,0x7b9a,0x0000,0x0000,0x0000,0x7b9a,
    0x7b9a,0x0000,0x7f9a,0x356a,0x7b9a,0x7b9a,0x7b9a,0x7b9a,0x7b9a,0x2d49,0x1483,0x5672,0x7b9a,0x7b9a,0x7b9a,0x7b9a,
    0x7b9a,0x7b9a,0x62d4,0x4e30,0x0000,0x7b9a,0x7b9a,0x0000,0x0000,0x7b9a,0x7b9a,0x0000,0x7b9a,0x39ac,0x7b9a,0x7b9a,
    0x7b9a,0x7b9a,0x7b9a,0x2d49,0x1483,0x5672,0x7b9a,0x7b9a,0x7b9a,0x7b9a,0x7b9a,0x7b9a,0x6f37,0x4a0f,0x0000,0x7f9a,
    0x7b9a,0x7b9a,0x0000,0x7b9a,0x7b9a,0x0000,0x7f9a,0x39ac,0x7b9a,0x7b9a,0x7b9a,0x7b9a,0x7b9a,0x2d49,0x1483,0x5672,
    0x7b9a,0x7b9a,0x7b9a,0x7b9a,0x7b9a,0x7b9a,0x6af6,0x4a0f,0x0000,0x7b9a,0x7b9a,0x0000,0x0000,0x0000,0x7b9a,0x0000,
    0x7b9a,0x2d49,0x7b9a,0x7b9a,0x7b9a,0x7b9a,0x7b9a,0x2d49,0x1483,0x5672,0x7b9a,0x7b9a,0x7b9a,0x7b9a,0x7b9a,0x7b9a,
    0x5a93,0x5a93,0x0000,0x7b9a,0x7b9a,0x0000,0x0000,0x0000,0x7b9a,0x7b9a,0x0000,0x41cd,0x6af6,0x7b9a,0x7b9a,0x7b9a,
    0x7b9a,0x2d49,0x1483,0x356a,0x4a0f,0x4a0f,0x5a93,0x7b9a,0x7b9a,0x7b9a,0x39ac,0x6b17,0x0000,0x7b9a,0x0000,0x0000,
    0x0000,0x0000,0x0000,0x7b9a,0x0000,0x5eb4,0x39ac,0x7b9a,0x7b9a,0x7b9a,0x7b9a,0x2d49,0x1483,0x1483,0x1483,0x1483,
    0x39ac,0x7b9a,0x7b9a,0x6f37,0x39ac,0x0000,0x0000,0x0000,0x0000,0x0000,0x0000,0x0000,0x0000,0x0000,0x0000,0x0000,
    0x41cd,0x5a93,0x7b9a,0x7b9a,0x7b9a,0x62d4,0x5672,0x5672,0x5672,0x5672,0x62d5,0x7b9a,0x7b9a,0x356a,0x6f17,0x0000,
    0x0000,0x0000,0x0000,0x0000,0x0000,0x0000,0x0000,0x0000,0x0000,0x0000,0x7b9a,0x41cd,0x5a93,0x7b9a,0x7b9a,0x7b9a,
    0x7b9a,0x7b9a,0x7b9a,0x7b9a,0x7b9a,0x7759,0x39ac,0x66f6,0x0000,0x0000,0x0000,0x0000,0x0000,0x0000,0x0000,0x0000,
    0x0000,0x0000,0x0000,0x0000,0x0000,0x7b9a,0x4a0f,0x39ac,0x6f37,0x7b9a,0x7b9a,0x7b9a,0x7b9a,0x7759,0x5672,0x2d49,
    0x66f6,0x0000,0x0000,0x0000,0x0000,0x0000,0x0000,0x0000,0x0000,0x0000,0x0000,0x0000,0x0000,0x0000,0x0000,0x0000,
    0x0000,0x6f17,0x39ac,0x39ac,0x356a,0x39ac,0x356a,0x356a,0x4e30,0x7358,0x0000,0x0000,0x0000,0x0000,0x0000,0x0000,
    0x0000,0x0000,0x0000,0x0000,0x0000,0x0000,0x0000,0x0000,0x0000,0x0000,0x0000,0x0000,0x0000,0x7b9a,0x7b9a,0x7b9a,
    0x7b9a,0x0000,0x0000,0x0000,0x0000,0x0000,0x0000,0x0000,0x0000,0x0000,0x0000,0x0000,0x0000,0x0000,0x0000,0x0000,
    0x0000,0x0000,0x0000,0x0000,0x0000,0x7b9a,0x7b9a,0x0000,0x0000,0x0000,0x0000,0x0000,0x7b9a,0x0000,0x0000,0x0000,
    0x0000,0x0000,0x0000,0x0000,0x0000,0x0000,0x0000,0x0000,0x0000,0x0000,0x0000,0x0000,0x0000,0x0000,0x0000,0x0000,
    0x0000,0x7b9a,0x7b9a,0x7b9a,0x7b9a,0x7b9a,0x0000,0x0000,0x0000,0x0000,0x0000,0x0000,0x0000,0x0000,0x0000,0x0000,
    0x0000,0x0000,0x0000,0x0000,0x0000,0x0000,0x0000,0x0000,0x0000,0x0000,0x0000,0x0000,0x7b9a,0x7b9a,0x7b9a,0x0000,
    0x0000,0x0000,0x0000,0x0000,0x0000,0x0000,0x0000,0x0000,0x0000,0x0000,0x0000,0x0000,0x0000,0x0000,0x0000,0x0000,
    0x0000,0x0000,0x0000,0x0000,0x0000,0x0000,0x0000,0x0000,0x0000,0x0000,0x0000,0x0000,0x0000,0x0000,0x0000,0x0000,
    0x0000,0x0000,0x0000,0x0000,
};
static const uint16_t icon_left_stick_round[342] = {
    0x0000,0x0000,0x0000,0x0000,0x0000,0x0000,0x0000,0x0000,0x0000,0x0000,0x0000,0x0000,0x0000,0x0000,0x0000,0x0000,
    0x0000,0x0000,0x0000,0x0000,0x0000,0x0000,0x0000,0x7b9a,0x66f6,0x4e30,0x4a0f,0x4a0f,0x4e30,0x66f5,0x7b9a,0x0000,
    0x0000,0x0000,0x0000,0x0000,0x0000,0x0000,0x0000,0x0000,0x5eb4,0x356a,0x41cd,0x5a93,0x6f37,0x6af6,0x62d4,0x39ac,
    0x356a,0x66f5,0x0000,0x0000,0x0000,0x0000,0x0000,0x0000,0x7b9a,0x4a0f,0x41cd,0x7759,0x7b9a,0x7b9a,0x7b9a,0x7b9a,
    0x7b9a,0x7b9a,0x6f37,0x41cd,0x4a0f,0x7b9a,0x0000,0x0000,0x0000,0x0000,0x4a0f,0x4a0f,0x7b9a,0x7b9a,0x7b9a,0x7b9a,
    0x7b9a,0x7b9a,0x7b9a,0x7b9a,0x7b9a,0x7b9a,0x4a0f,0x4e30,0x0000,0x0000,0x0000,0x6f17,0x39ac,0x7b9a,0x7b9a,0x7b9a,
    0x7b9a,0x2d49,0x2d49,0x6f37,0x7b9a,0x7b9a,0x7b9a,0x7b9a,0x7b9a,0x356a,0x6f17,0x0000,0x0000,0x39ac,0x6f37,0x7b9a,
    0x7b9a,0x7b9a,0x7b9a,0x1483,0x1483,0x6f37,0x7b9a,0x7b9a,0x7b9a,0x7b9a,0x7b9a,0x6f37,0x356a,0x0000,0x7b9a,0x2d49,
    0x7b9a,0x7b9a,0x7b9a,0x7b9a,0x7b9a,0x1483,0x1483,0x6f37,0x7b9a,0x7b9a,0x7b9a,0x7b9a,0x7b9a,0x7b9a,0x356a,0x7358,
    0x5eb4,0x4a0f,0x7b9a,0x7b9a,0x7b9a,0x7b9a,0x7b9a,0x1483,0x1483,0x6f37,0x7b9a,0x7b9a,0x7b9a,0x7b9a,0x7b9a,0x7b9a,
    0x4a0f,0x66f6,0x62d4,0x5672,0x7b9a,0x7b9a,0x7b9a,0x7b9a,0x7b9a,0x1483,0x1483,0x6f37,0x7b9a,0x7b9a,0x7b9a,0x7b9a,
    0x7b9a,0x7b9a,0x5672,0x62d5,0x62d4,0x4e30,0x7b9a,0x7b9a,0x7b9a,0x7b9a,0x7b9a,0x1483,0x1483,0x6f37,0x7b9a,0x7b9a,
    0x7b9a,0x7b9a,0x7b9a,0x7b9a,0x4e30,0x62d5,0x6f17,0x41cd,0x7b9a,0x7b9a,0x7b9a,0x7b9a,0x7b9a,0x1483,0x1483,0x6f37,
    0x7b9a,0x7b9a,0x7b9a,0x7b9a,0x7b9a,0x7b9a,0x39ac,0x6b17,0x7b9a,0x2d49,0x7b9a,0x7b9a,0x7b9a,0x7b9a,0x7b9a,0x1483,
    0x1483,0x41cd,0x4a0f,0x4a0f,0x6af6,0x7b9a,0x7b9a,0x7b9a,0x2d49,0x7b9a,0x0000,0x4e30,0x5672,0x7b9a,0x7b9a,0x7b9a,
    0x7b9a,0x1483,0x1483,0x1483,0x1483,0x1483,0x5672,0x7b9a,0x7b9a,0x5672,0x5672,0x0000,0x0000,0x7b9a,0x2d49,0x6f37,
    0x7b9a,0x7b9a,0x7b9a,0x5672,0x5672,0x5672,0x5672,0x5672,0x6f37,0x7b9a,0x6f37,0x2d49,0x7b9a,0x0000,0x0000,0x0000,
    0x6f17,0x2d49,0x6f37,0x7b9a,0x7b9a,0x7b9a,0x7b9a,0x7b9a,0x7b9a,0x7b9a,0x7b9a,0x6f37,0x2d49,0x6f17,0x0000,0x0000,
    0x0000,0x0000,0x0000,0x6f17,0x39ac,0x4a0f,0x6f37,0x7b9a,0x7b9a,0x7b9a,0x7b9a,0x7759,0x4a0f,0x356a,0x6f17,0x0000,
    0x0000,0x0000,0x0000,0x0000,0x0000,0x0000,0x0000,0x5a93,0x356a,0x356a,0x356a,0x39ac,0x2d49,0x356a,0x5eb4,0x0000,
    0x0000,0x0000,0x0000,0x0000,0x0000,0x0000,0x0000,0x0000,0x0000,0x0000,0x0000,0x7b9a,0x7b9a,0x7b9a,0x7b9a,0x0000,
    0x0000,0x0000,0x0000,0x0000,0x0000,0x0000,
};
static const uint16_t icon_right_stick_round[342] = {
    0x0000,0x0000,0x0000,0x0000,0x0000,0x0000,0x0000,0x0000,0x0000,0x0000,0x0000,0x0000,0x0000,0x0000,0x0000,0x0000,
    0x0000,0x0000,0x0000,0x0000,0x0000,0x0000,0x0000,0x7b9a,0x66f6,0x4e30,0x4a0f,0x4a0f,0x4e30,0x66f5,0x7b9a,0x0000,
    0x0000,0x0000,0x0000,0x0000,0x0000,0x0000,0x0000,0x0000,0x5eb4,0x356a,0x41cd,0x5a93,0x6f37,0x6af6,0x62d4,0x39ac,
    0x356a,0x66f5,0x0000,0x0000,0x0000,0x0000,0x0000,0x0000,0x7b9a,0x4a0f,0x41cd,0x7759,0x7b9a,0x7b9a,0x7b9a,0x7b9a,
    0x7b9a,0x7b9a,0x6f37,0x41cd,0x4a0f,0x7b9a,0x0000,0x0000,0x0000,0x0000,0x4a0f,0x4a0f,0x7b9a,0x7b9a,0x7b9a,0x7b9a,
    0x7b9a,0x7b9a,0x7b9a,0x7b9a,0x7b9a,0x7b9a,0x4a0f,0x4e30,0x0000,0x0000,0x0000,0x6f17,0x39ac,0x7b9a,0x7b9a,0x7759,
    0x2d49,0x2d49,0x2d49,0x2d49,0x41cd,0x6f37,0x7b9a,0x7b9a,0x7b9a,0x356a,0x6f17,0x0000,0x0000,0x39ac,0x6f37,0x7b9a,
    0x7b9a,0x6f37,0x1483,0x1483,0x20e6,0x1483,0x1483,0x18a5,0x7759,0x7b9a,0x7b9a,0x6f37,0x356a,0x0000,0x7b9a,0x2d49,
    0x7b9a,0x7b9a,0x7b9a,0x6f37,0x1483,0x1483,0x7b9a,0x6f37,0x18a4,0x1483,0x5672,0x7b9a,0x7b9a,0x7b9a,0x356a,0x7358,
    0x5eb4,0x4a0f,0x7b9a,0x7b9a,0x7b9a,0x6f37,0x1483,0x1483,0x7b9a,0x6f37,0x18a4,0x1483,0x5a93,0x7b9a,0x7b9a,0x7b9a,
    0x4a0f,0x66f6,0x62d4,0x5672,0x7b9a,0x7b9a,0x7b9a,0x6f37,0x1483,0x1483,0x2d49,0x18a4,0x1483,0x39ac,0x7b9a,0x7b9a,
    0x7b9a,0x7b9a,0x5672,0x62d5,0x62d4,0x4e30,0x7b9a,0x7b9a,0x7b9a,0x6f37,0x1483,0x1483,0x18a4,0x1483,0x20e6,0x7759,
    0x7b9a,0x7b9a,0x7b9a,0x7b9a,0x4e30,0x62d5,0x6f17,0x41cd,0x7b9a,0x7b9a,0x7b9a,0x6f37,0x1483,0x1483,0x7b9a,0x2d49,
    0x1483,0x2d49,0x7b9a,0x7b9a,0x7b9a,0x7b9a,0x39ac,0x6b17,0x7b9a,0x2d49,0x7b9a,0x7b9a,0x7b9a,0x6f37,0x1483,0x1483,
    0x7b9a,0x6f37,0x18a4,0x1483,0x5672,0x7b9a,0x7b9a,0x7b9a,0x2d49,0x7b9a,0x0000,0x4e30,0x5672,0x7b9a,0x7b9a,0x6f37,
    0x1483,0x1483,0x7b9a,0x7b9a,0x4a0f,0x1483,0x18a5,0x7759,0x7b9a,0x5672,0x5672,0x0000,0x0000,0x7b9a,0x2d49,0x6f37,
    0x7b9a,0x7759,0x5672,0x5672,0x7b9a,0x7b9a,0x7b9a,0x5672,0x5672,0x6f37,0x6f37,0x2d49,0x7b9a,0x0000,0x0000,0x0000,
    0x6f17,0x2d49,0x6f37,0x7b9a,0x7b9a,0x7b9a,0x7b9a,0x7b9a,0x7b9a,0x7b9a,0x7b9a,0x6f37,0x2d49,0x6f17,0x0000,0x0000,
    0x0000,0x0000,0x0000,0x6f17,0x39ac,0x4a0f,0x6f37,0x7b9a,0x7b9a,0x7b9a,0x7b9a,0x7759,0x4a0f,0x356a,0x6f17,0x0000,
    0x0000,0x0000,0x0000,0x0000,0x0000,0x0000,0x0000,0x5a93,0x356a,0x356a,0x356a,0x39ac,0x2d49,0x356a,0x5eb4,0x0000,
    0x0000,0x0000,0x0000,0x0000,0x0000,0x0000,0x0000,0x0000,0x0000,0x0000,0x0000,0x7b9a,0x7b9a,0x7b9a,0x7b9a,0x0000,
    0x0000,0x0000,0x0000,0x0000,0x0000,0x0000,
};
static const uint16_t icon_left_stick_up[396] = {
    0x0000,0x0000,0x0000,0x0000,0x0000,0x0000,0x0000,0x0000,0x0000,0x0000,0x0000,0x0000,0x0000,0x0000,0x0000,0x0000,
    0x0000,0x0000,0x0000,0x0000,0x0000,0x0000,0x0000,0x0000,0x0000,0x0000,0x7b9a,0x7b9a,0x7b9a,0x0000,0x0000,0x0000,
    0x0000,0x0000,0x0000,0x0000,0x0000,0x0000,0x0000,0x0000,0x0000,0x0000,0x7b9a,0x7b9a,0x7b9a,0x7b9a,0x7b9a,0x7b9a,
    0x0000,0x0000,0x0000,0x0000,0x0000,0x0000,0x0000,0x0000,0x0000,0x0000,0x0000,0x7b9a,0x0000,0x0000,0x0000,0x0000,
    0x0000,0x0000,0x7b9a,0x0000,0x0000,0x0000,0x0000,0x0000,0x0000,0x0000,0x0000,0x0000,0x0000,0x0000,0x7b9a,0x6f17,
    0x62d5,0x62d5,0x66d5,0x7b9a,0x0000,0x0000,0x0000,0x0000,0x0000,0x0000,0x0000,0x0000,0x0000,0x0000,0x7358,0x4a0f,
    0x356a,0x41cd,0x5672,0x5672,0x41cd,0x356a,0x39ac,0x6f17,0x0000,0x0000,0x0000,0x0000,0x0000,0x0000,0x0000,0x66f6,
    0x356a,0x62d5,0x7b9a,0x7b9a,0x7b9a,0x7b9a,0x7b9a,0x7b9a,0x62d4,0x2d49,0x66f6,0x0000,0x0000,0x0000,0x0000,0x0000,
    0x66f6,0x41cd,0x7759,0x7b9a,0x7b9a,0x7b9a,0x7b9a,0x7b9a,0x7b9a,0x7b9a,0x7b9a,0x7759,0x41cd,0x66f6,0x0000,0x0000,
    0x0000,0x6f17,0x2d49,0x7759,0x7b9a,0x7b9a,0x7b9a,0x4a0f,0x4a0f,0x7759,0x7b9a,0x7b9a,0x7b9a,0x7b9a,0x7759,0x356a,
    0x7358,0x0000,0x0000,0x39ac,0x62d5,0x7b9a,0x7b9a,0x7b9a,0x7b9a,0x1483,0x1483,0x6f37,0x7b9a,0x7b9a,0x7b9a,0x7b9a,
    0x7b9a,0x62d4,0x4a0f,0x0000,0x7b9a,0x356a,0x7b9a,0x7b9a,0x7b9a,0x7b9a,0x7b9a,0x1483,0x1483,0x6f37,0x7b9a,0x7b9a,
    0x7b9a,0x7b9a,0x7b9a,0x7b9a,0x356a,0x7b9a,0x66d5,0x41cd,0x7b9a,0x7b9a,0x7b9a,0x7b9a,0x7b9a,0x1483,0x1483,0x6f37,
    0x7b9a,0x7b9a,0x7b9a,0x7b9a,0x7b9a,0x7b9a,0x41cd,0x6f17,0x62d4,0x5672,0x7b9a,0x7b9a,0x7b9a,0x7b9a,0x7b9a,0x1483,
    0x1483,0x6f37,0x7b9a,0x7b9a,0x7b9a,0x7b9a,0x7b9a,0x7b9a,0x5672,0x62d5,0x62d4,0x5672,0x7b9a,0x7b9a,0x7b9a,0x7b9a,
    0x7b9a,0x1483,0x1483,0x6f37,0x7b9a,0x7b9a,0x7b9a,0x7b9a,0x7b9a,0x7b9a,0x5672,0x62d5,0x6f17,0x41cd,0x7b9a,0x7b9a,
    0x7b9a,0x7b9a,0x7b9a,0x1483,0x1483,0x6f37,0x7b9a,0x7b9a,0x7b9a,0x7b9a,0x7b9a,0x7b9a,0x41cd,0x62d5,0x7b9a,0x356a,
    0x7b9a,0x7b9a,0x7b9a,0x7b9a,0x7b9a,0x1483,0x1483,0x5a93,0x62d5,0x62d5,0x6f37,0x7b9a,0x7b9a,0x7b9a,0x356a,0x7b9a,
    0x0000,0x4a0f,0x62d5,0x7b9a,0x7b9a,0x7b9a,0x7b9a,0x1483,0x1483,0x1483,0x1483,0x1483,0x5672,0x7b9a,0x7b9a,0x62d4,
    0x39ac,0x0000,0x0000,0x7358,0x356a,0x7759,0x7b9a,0x7b9a,0x7b9a,0x39ac,0x39ac,0x39ac,0x39ac,0x39ac,0x62d5,0x7b9a,
    0x7759,0x2d49,0x6f17,0x0000,0x0000,0x0000,0x66f6,0x41cd,0x7759,0x7b9a,0x7b9a,0x7b9a,0x7b9a,0x7b9a,0x7b9a,0x7b9a,
    0x7b9a,0x7759,0x41cd,0x66f6,0x0000,0x0000,0x0000,0x0000,0x0000,0x66f6,0x2d49,0x62d5,0x7b9a,0x7b9a,0x7b9a,0x7b9a,
    0x7b9a,0x7b9a,0x62d4,0x356a,0x66f6,0x0000,0x0000,0x0000,0x0000,0x0000,0x0000,0x0000,0x6f17,0x39ac,0x356a,0x41cd,
    0x5672,0x5672,0x41cd,0x356a,0x4a0f,0x7358,0x0000,0x0000,0x0000,0x0000,0x0000,0x0000,0x0000,0x0000,0x0000,0x0000,
    0x7b9a,0x62d5,0x62d4,0x62d4,0x6f17,0x7b9a,0x0000,0x0000,0x0000,0x0000,0x0000,0x0000,
};
static const uint16_t icon_right_stick_up[396] = {
    0x0000,0x0000,0x0000,0x0000,0x0000,0x0000,0x0000,0x0000,0x0000,0x0000,0x0000,0x0000,0x0000,0x0000,0x0000,0x0000,
    0x0000,0x0000,0x0000,0x0000,0x0000,0x0000,0x0000,0x0000,0x0000,0x0000,0x7b9a,0x7b9a,0x7b9a,0x0000,0x0000,0x0000,
    0x0000,0x0000,0x0000,0x0000,0x0000,0x0000,0x0000,0x0000,0x0000,0x0000,0x7b9a,0x7b9a,0x7b9a,0x7b9a,0x7b9a,0x7b9a,
    0x0000,0x0000,0x0000,0x0000,0x0000,0x0000,0x0000,0x0000,0x0000,0x0000,0x0000,0x7b9a,0x0000,0x0000,0x0000,0x0000,
    0x0000,0x0000,0x7b9a,0x0000,0x0000,0x0000,0x0000,0x0000,0x0000,0x0000,0x0000,0x0000,0x0000,0x0000,0x7b9a,0x6f17,
    0x62d5,0x62d5,0x66d5,0x7b9a,0x0000,0x0000,0x0000,0x0000,0x0000,0x0000,0x0000,0x0000,0x0000,0x0000,0x7358,0x4a0f,
    0x356a,0x41cd,0x5672,0x5672,0x41cd,0x356a,0x39ac,0x6f17,0x0000,0x0000,0x0000,0x0000,0x0000,0x0000,0x0000,0x66f6,
    0x356a,0x62d5,0x7b9a,0x7b9a,0x7b9a,0x7b9a,0x7b9a,0x7b9a,0x62d4,0x2d49,0x66f6,0x0000,0x0000,0x0000,0x0000,0x0000,
    0x66f6,0x41cd,0x7759,0x7b9a,0x7b9a,0x7b9a,0x7b9a,0x7b9a,0x7b9a,0x7b9a,0x7b9a,0x7759,0x41cd,0x66f6,0x0000,0x0000,
    0x0000,0x6f17,0x2d49,0x7759,0x7b9a,0x7759,0x4a0f,0x4a0f,0x4a0f,0x4a0f,0x5a93,0x7b9a,0x7b9a,0x7b9a,0x7759,0x356a,
    0x7358,0x0000,0x0000,0x39ac,0x62d5,0x7b9a,0x7b9a,0x6f37,0x1483,0x1483,0x1483,0x1483,0x1483,0x20e6,0x7759,0x7b9a,
    0x7b9a,0x62d4,0x4a0f,0x0000,0x7b9a,0x356a,0x7b9a,0x7b9a,0x7b9a,0x6f37,0x1483,0x1483,0x6f37,0x62d4,0x18a4,0x1483,
    0x5672,0x7b9a,0x7b9a,0x7b9a,0x356a,0x7b9a,0x66d5,0x41cd,0x7b9a,0x7b9a,0x7b9a,0x6f37,0x1483,0x1483,0x7b9a,0x7b9a,
    0x18a4,0x1483,0x5a93,0x7b9a,0x7b9a,0x7b9a,0x41cd,0x6f17,0x62d4,0x5672,0x7b9a,0x7b9a,0x7b9a,0x6f37,0x1483,0x1483,
    0x4a0f,0x2d49,0x1483,0x20e6,0x7759,0x7b9a,0x7b9a,0x7b9a,0x5672,0x62d5,0x62d4,0x5672,0x7b9a,0x7b9a,0x7b9a,0x6f37,
    0x1483,0x1483,0x1483,0x1483,0x2907,0x7759,0x7b9a,0x7b9a,0x7b9a,0x7b9a,0x5672,0x62d5,0x6f17,0x41cd,0x7b9a,0x7b9a,
    0x7b9a,0x6f37,0x1483,0x1483,0x6af6,0x20e6,0x1483,0x41cd,0x7b9a,0x7b9a,0x7b9a,0x7b9a,0x41cd,0x62d5,0x7b9a,0x356a,
    0x7b9a,0x7b9a,0x7b9a,0x6f37,0x1483,0x1483,0x7b9a,0x62d4,0x1483,0x1483,0x62d5,0x7b9a,0x7b9a,0x7b9a,0x356a,0x7b9a,
    0x0000,0x4a0f,0x62d5,0x7b9a,0x7b9a,0x6f37,0x1483,0x1483,0x7b9a,0x7b9a,0x41cd,0x1483,0x2907,0x7b9a,0x7b9a,0x62d4,
    0x39ac,0x0000,0x0000,0x7358,0x356a,0x7759,0x7b9a,0x7759,0x39ac,0x39ac,0x7b9a,0x7b9a,0x7759,0x39ac,0x39ac,0x62d5,
    0x7759,0x2d49,0x6f17,0x0000,0x0000,0x0000,0x66f6,0x41cd,0x7759,0x7b9a,0x7b9a,0x7b9a,0x7b9a,0x7b9a,0x7b9a,0x7b9a,
    0x7b9a,0x7759,0x41cd,0x66f6,0x0000,0x0000,0x0000,0x0000,0x0000,0x66f6,0x2d49,0x62d5,0x7b9a,0x7b9a,0x7b9a,0x7b9a,
    0x7b9a,0x7b9a,0x62d4,0x356a,0x66f6,0x0000,0x0000,0x0000,0x0000,0x0000,0x0000,0x0000,0x6f17,0x39ac,0x356a,0x41cd,
    0x5672,0x5672,0x41cd,0x356a,0x4a0f,0x7358,0x0000,0x0000,0x0000,0x0000,0x0000,0x0000,0x0000,0x0000,0x0000,0x0000,
    0x7b9a,0x62d5,0x62d4,0x62d4,0x6f17,0x7b9a,0x0000,0x0000,0x0000,0x0000,0x0000,0x0000,
};
static const uint16_t icon_left_stick_down[396] = {
    0x0000,0x0000,0x0000,0x0000,0x0000,0x0000,0x0000,0x7b9a,0x7b9a,0x7b9a,0x7b9a,0x0000,0x0000,0x0000,0x0000,0x0000,
    0x0000,0x0000,0x0000,0x0000,0x0000,0x0000,0x7b9a,0x5eb4,0x356a,0x2d49,0x39ac,0x356a,0x356a,0x356a,0x5a93,0x7b9a,
    0x0000,0x0000,0x0000,0x0000,0x0000,0x0000,0x0000,0x6f17,0x356a,0x4a0f,0x7759,0x7b9a,0x7b9a,0x7b9a,0x7b9a,0x6f37,
    0x4a0f,0x39ac,0x6f17,0x0000,0x0000,0x0000,0x0000,0x0000,0x6f17,0x2d49,0x6f37,0x7b9a,0x7b9a,0x7b9a,0x7b9a,0x7b9a,
    0x7b9a,0x7b9a,0x7b9a,0x6f37,0x2d49,0x6f17,0x0000,0x0000,0x0000,0x7b9a,0x2d49,0x6f37,0x7b9a,0x7b9a,0x7b9a,0x62d5,
    0x62d5,0x7759,0x7b9a,0x7b9a,0x7b9a,0x7b9a,0x6f37,0x2d49,0x7b9a,0x0000,0x0000,0x5672,0x5672,0x7b9a,0x7b9a,0x7b9a,
    0x7b9a,0x1483,0x1483,0x6f37,0x7b9a,0x7b9a,0x7b9a,0x7b9a,0x7b9a,0x5672,0x4e30,0x0000,0x7b9a,0x2d49,0x7b9a,0x7b9a,
    0x7b9a,0x7b9a,0x7b9a,0x1483,0x1483,0x6f37,0x7b9a,0x7b9a,0x7b9a,0x7b9a,0x7b9a,0x7b9a,0x2d49,0x7b9a,0x6f17,0x39ac,
    0x7b9a,0x7b9a,0x7b9a,0x7b9a,0x7b9a,0x1483,0x1483,0x6f37,0x7b9a,0x7b9a,0x7b9a,0x7b9a,0x7b9a,0x7b9a,0x41cd,0x6f17,
    0x62d4,0x4e30,0x7b9a,0x7b9a,0x7b9a,0x7b9a,0x7b9a,0x1483,0x1483,0x6f37,0x7b9a,0x7b9a,0x7b9a,0x7b9a,0x7b9a,0x7b9a,
    0x4e30,0x62d5,0x62d4,0x5672,0x7b9a,0x7b9a,0x7b9a,0x7b9a,0x7b9a,0x1483,0x1483,0x6f37,0x7b9a,0x7b9a,0x7b9a,0x7b9a,
    0x7b9a,0x7b9a,0x5672,0x62d5,0x66f6,0x4a0f,0x7b9a,0x7b9a,0x7b9a,0x7b9a,0x7b9a,0x1483,0x1483,0x6f37,0x7b9a,0x7b9a,
    0x7b9a,0x7b9a,0x7b9a,0x7b9a,0x4a0f,0x62b4,0x7358,0x356a,0x7b9a,0x7b9a,0x7b9a,0x7b9a,0x7b9a,0x1483,0x1483,0x6f37,
    0x7b9a,0x7b9a,0x7b9a,0x7b9a,0x7b9a,0x7b9a,0x2d49,0x7b9a,0x0000,0x356a,0x6f37,0x7b9a,0x7b9a,0x7b9a,0x7b9a,0x1483,
    0x1483,0x1483,0x1483,0x1483,0x5672,0x7b9a,0x7b9a,0x6f37,0x39ac,0x0000,0x0000,0x6f17,0x356a,0x7b9a,0x7b9a,0x7b9a,
    0x7b9a,0x20e6,0x20e6,0x20e6,0x20e6,0x20e6,0x5a93,0x7b9a,0x7b9a,0x39ac,0x6f17,0x0000,0x0000,0x0000,0x4e30,0x4a0f,
    0x7b9a,0x7b9a,0x7b9a,0x7b9a,0x7b9a,0x7b9a,0x7b9a,0x7b9a,0x7b9a,0x7b9a,0x4a0f,0x4a0f,0x0000,0x0000,0x0000,0x0000,
    0x0000,0x4a0f,0x41cd,0x6f37,0x7b9a,0x7b9a,0x7b9a,0x7b9a,0x7b9a,0x7b9a,0x7759,0x41cd,0x4a0f,0x0000,0x0000,0x0000,
    0x0000,0x0000,0x0000,0x0000,0x66f5,0x356a,0x39ac,0x62d5,0x6af6,0x6f37,0x5a93,0x41cd,0x356a,0x5eb4,0x0000,0x0000,
    0x0000,0x0000,0x0000,0x0000,0x0000,0x0000,0x0000,0x7b9a,0x66f5,0x4e30,0x4a0f,0x4a0f,0x4e30,0x66f6,0x0000,0x0000,
    0x0000,0x0000,0x0000,0x0000,0x0000,0x0000,0x0000,0x0000,0x0000,0x0000,0x0000,0x0000,0x0000,0x0000,0x0000,0x0000,
    0x0000,0x0000,0x0000,0x0000,0x0000,0x0000,0x0000,0x0000,0x0000,0x0000,0x0000,0x0000,0x7b9a,0x7b9a,0x7b9a,0x7b9a,
    0x7b9a,0x7b9a,0x0000,0x0000,0x0000,0x0000,0x0000,0x0000,0x0000,0x0000,0x0000,0x0000,0x0000,0x0000,0x0000,0x7b9a,
    0x7b9a,0x7b9a,0x7b9a,0x0000,0x0000,0x0000,0x0000,0x0000,0x0000,0x0000,0x0000,0x0000,0x0000,0x0000,0x0000,0x0000,
    0x0000,0x0000,0x0000,0x7b9a,0x0000,0x0000,0x0000,0x0000,0x0000,0x0000,0x0000,0x0000,
};
static const uint16_t icon_right_stick_down[396] = {
    0x0000,0x0000,0x0000,0x0000,0x0000,0x0000,0x0000,0x7b9a,0x7b9a,0x7b9a,0x7b9a,0x0000,0x0000,0x0000,0x0000,0x0000,
    0x0000,0x0000,0x0000,0x0000,0x0000,0x0000,0x7b9a,0x5eb4,0x356a,0x2d49,0x39ac,0x356a,0x356a,0x356a,0x5a93,0x7b9a,
    0x0000,0x0000,0x0000,0x0000,0x0000,0x0000,0x0000,0x6f17,0x356a,0x4a0f,0x7759,0x7b9a,0x7b9a,0x7b9a,0x7b9a,0x6f37,
    0x4a0f,0x39ac,0x6f17,0x0000,0x0000,0x0000,0x0000,0x0000,0x6f17,0x2d49,0x6f37,0x7b9a,0x7b9a,0x7b9a,0x7b9a,0x7b9a,
    0x7b9a,0x7b9a,0x7b9a,0x6f37,0x2d49,0x6f17,0x0000,0x0000,0x0000,0x7b9a,0x2d49,0x6f37,0x7b9a,0x7b9a,0x62d5,0x62d5,
    0x62d5,0x62d5,0x7759,0x7b9a,0x7b9a,0x7b9a,0x6f37,0x2d49,0x7b9a,0x0000,0x0000,0x5672,0x5672,0x7b9a,0x7b9a,0x6f37,
    0x1483,0x1483,0x1483,0x1483,0x1483,0x41cd,0x7b9a,0x7b9a,0x7b9a,0x5672,0x4e30,0x0000,0x7b9a,0x2d49,0x7b9a,0x7b9a,
    0x7b9a,0x6f37,0x1483,0x1483,0x5672,0x39ac,0x1483,0x1483,0x62d5,0x7b9a,0x7b9a,0x7b9a,0x2d49,0x7b9a,0x6f17,0x39ac,
    0x7b9a,0x7b9a,0x7b9a,0x6f37,0x1483,0x1483,0x7b9a,0x7b9a,0x20e6,0x1483,0x5672,0x7b9a,0x7b9a,0x7b9a,0x41cd,0x6f17,
    0x62d4,0x4e30,0x7b9a,0x7b9a,0x7b9a,0x6f37,0x1483,0x1483,0x62d5,0x41cd,0x1483,0x18a4,0x6f37,0x7b9a,0x7b9a,0x7b9a,
    0x4e30,0x62d5,0x62d4,0x5672,0x7b9a,0x7b9a,0x7b9a,0x6f37,0x1483,0x1483,0x1483,0x1483,0x20e6,0x6af6,0x7b9a,0x7b9a,
    0x7b9a,0x7b9a,0x5672,0x62d5,0x66f6,0x4a0f,0x7b9a,0x7b9a,0x7b9a,0x6f37,0x1483,0x1483,0x4e30,0x18a4,0x1483,0x5672,
    0x7b9a,0x7b9a,0x7b9a,0x7b9a,0x4a0f,0x62b4,0x7358,0x356a,0x7b9a,0x7b9a,0x7b9a,0x6f37,0x1483,0x1483,0x7b9a,0x4e30,
    0x1483,0x18a5,0x6f37,0x7b9a,0x7b9a,0x7b9a,0x2d49,0x7b9a,0x0000,0x356a,0x6f37,0x7b9a,0x7b9a,0x6f37,0x1483,0x1483,
    0x7b9a,0x7b9a,0x2d49,0x1483,0x356a,0x7b9a,0x7b9a,0x6f37,0x39ac,0x0000,0x0000,0x6f17,0x356a,0x7b9a,0x7b9a,0x6f37,
    0x20e6,0x20e6,0x7b9a,0x7b9a,0x6af6,0x20e6,0x20e6,0x6af6,0x7b9a,0x39ac,0x6f17,0x0000,0x0000,0x0000,0x4e30,0x4a0f,
    0x7b9a,0x7b9a,0x7b9a,0x7b9a,0x7b9a,0x7b9a,0x7b9a,0x7b9a,0x7b9a,0x7b9a,0x4a0f,0x4a0f,0x0000,0x0000,0x0000,0x0000,
    0x0000,0x4a0f,0x41cd,0x6f37,0x7b9a,0x7b9a,0x7b9a,0x7b9a,0x7b9a,0x7b9a,0x7759,0x41cd,0x4a0f,0x0000,0x0000,0x0000,
    0x0000,0x0000,0x0000,0x0000,0x66f5,0x356a,0x39ac,0x62d5,0x6af6,0x6f37,0x5a93,0x41cd,0x356a,0x5eb4,0x0000,0x0000,
    0x0000,0x0000,0x0000,0x0000,0x0000,0x0000,0x0000,0x7b9a,0x66f5,0x4e30,0x4a0f,0x4a0f,0x4e30,0x66f6,0x0000,0x0000,
    0x0000,0x0000,0x0000,0x0000,0x0000,0x0000,0x0000,0x0000,0x0000,0x0000,0x0000,0x0000,0x0000,0x0000,0x0000,0x0000,
    0x0000,0x0000,0x0000,0x0000,0x0000,0x0000,0x0000,0x0000,0x0000,0x0000,0x0000,0x0000,0x7b9a,0x7b9a,0x7b9a,0x7b9a,
    0x7b9a,0x7b9a,0x0000,0x0000,0x0000,0x0000,0x0000,0x0000,0x0000,0x0000,0x0000,0x0000,0x0000,0x0000,0x0000,0x7b9a,
    0x7b9a,0x7b9a,0x7b9a,0x0000,0x0000,0x0000,0x0000,0x0000,0x0000,0x0000,0x0000,0x0000,0x0000,0x0000,0x0000,0x0000,
    0x0000,0x0000,0x0000,0x7b9a,0x0000,0x0000,0x0000,0x0000,0x0000,0x0000,0x0000,0x0000,
};
static const uint16_t icon_left_stick_right[437] = {
    0x0000,0x0000,0x0000,0x0000,0x0000,0x0000,0x0000,0x0000,0x0000,0x0000,0x0000,0x0000,0x0000,0x0000,0x0000,0x0000,
    0x0000,0x0000,0x0000,0x0000,0x0000,0x0000,0x0000,0x0000,0x0000,0x0000,0x0000,0x0000,0x0000,0x7b9a,0x5eb4,0x4e30,
    0x4a0f,0x4a0f,0x5a93,0x6b17,0x0000,0x0000,0x0000,0x0000,0x0000,0x0000,0x0000,0x0000,0x0000,0x0000,0x0000,0x0000,
    0x0000,0x0000,0x7b9a,0x4e30,0x2907,0x4a0f,0x62d5,0x6f37,0x6af6,0x5a93,0x39ac,0x39ac,0x6f17,0x0000,0x0000,0x0000,
    0x0000,0x0000,0x0000,0x0000,0x0000,0x0000,0x0000,0x0000,0x7b9a,0x39ac,0x4e30,0x7b9a,0x7b9a,0x7b9a,0x7b9a,0x7b9a,
    0x7b9a,0x7b9a,0x6f37,0x356a,0x66f6,0x0000,0x0000,0x0000,0x0000,0x0000,0x0000,0x0000,0x0000,0x0000,0x7b9a,0x41cd,
    0x6af6,0x7b9a,0x7b9a,0x7b9a,0x7b9a,0x7b9a,0x7b9a,0x7b9a,0x7b9a,0x7b9a,0x7b9a,0x39ac,0x66f6,0x0000,0x0000,0x0000,
    0x0000,0x0000,0x0000,0x0000,0x0000,0x5672,0x4e30,0x7b9a,0x7b9a,0x7b9a,0x6af6,0x2d49,0x356a,0x7b9a,0x7b9a,0x7b9a,
    0x7b9a,0x7b9a,0x7759,0x2d49,0x7358,0x0000,0x0000,0x0000,0x0000,0x0000,0x0000,0x7b9a,0x2d49,0x7b9a,0x7b9a,0x7b9a,
    0x7b9a,0x62d4,0x1483,0x20e6,0x7b9a,0x7b9a,0x7b9a,0x7b9a,0x7b9a,0x7b9a,0x5672,0x4e30,0x0000,0x7b9a,0x0000,0x0000,
    0x0000,0x0000,0x5eb4,0x4e30,0x7b9a,0x7b9a,0x7b9a,0x7b9a,0x62d4,0x1483,0x20e6,0x7b9a,0x7b9a,0x7b9a,0x7b9a,0x7b9a,
    0x7b9a,0x7759,0x356a,0x0000,0x0000,0x7b9a,0x0000,0x0000,0x0000,0x4e30,0x62d5,0x7b9a,0x7b9a,0x7b9a,0x7b9a,0x62d4,
    0x1483,0x20e6,0x7b9a,0x7b9a,0x7b9a,0x7b9a,0x7b9a,0x7b9a,0x7b9a,0x356a,0x7b9a,0x0000,0x7b9a,0x7b9a,0x0000,0x0000,
    0x4a0f,0x6f37,0x7b9a,0x7b9a,0x7b9a,0x7b9a,0x62d4,0x1483,0x20e6,0x7b9a,0x7b9a,0x7b9a,0x7b9a,0x7b9a,0x7b9a,0x7b9a,
    0x39ac,0x7b9a,0x0000,0x7b9a,0x7b9a,0x0000,0x0000,0x4a0f,0x6f37,0x7b9a,0x7b9a,0x7b9a,0x7b9a,0x62d4,0x1483,0x20e6,
    0x7b9a,0x7b9a,0x7b9a,0x7b9a,0x7b9a,0x7b9a,0x7b9a,0x356a,0x7b9a,0x0000,0x7b9a,0x7b9a,0x0000,0x0000,0x5672,0x5672,
    0x7b9a,0x7b9a,0x7b9a,0x7b9a,0x62d4,0x1483,0x20e6,0x7b9a,0x7b9a,0x7b9a,0x7b9a,0x7b9a,0x7b9a,0x7b9a,0x39ac,0x7b9a,
    0x0000,0x7b9a,0x0000,0x0000,0x0000,0x7358,0x356a,0x7b9a,0x7b9a,0x7b9a,0x7b9a,0x62d4,0x1483,0x18a5,0x4a0f,0x4a0f,
    0x4a0f,0x7759,0x7b9a,0x7b9a,0x6f37,0x39ac,0x0000,0x0000,0x7b9a,0x0000,0x0000,0x0000,0x0000,0x2d49,0x6f37,0x7b9a,
    0x7b9a,0x7b9a,0x62d4,0x1483,0x1483,0x1483,0x1483,0x1483,0x6f37,0x7b9a,0x7b9a,0x39ac,0x6f17,0x0000,0x7b9a,0x0000,
    0x0000,0x0000,0x0000,0x0000,0x6f17,0x2d49,0x7b9a,0x7b9a,0x7b9a,0x7759,0x5672,0x5672,0x5672,0x5672,0x5672,0x7759,
    0x7b9a,0x5a93,0x4a0f,0x0000,0x0000,0x0000,0x0000,0x0000,0x0000,0x0000,0x0000,0x0000,0x66f6,0x39ac,0x7759,0x7b9a,
    0x7b9a,0x7b9a,0x7b9a,0x7b9a,0x7b9a,0x7b9a,0x7b9a,0x5a93,0x41cd,0x7b9a,0x0000,0x0000,0x0000,0x0000,0x0000,0x0000,
    0x0000,0x0000,0x0000,0x0000,0x6f17,0x2d49,0x5672,0x7b9a,0x7b9a,0x7b9a,0x7b9a,0x7b9a,0x6af6,0x39ac,0x41cd,0x7b9a,
    0x0000,0x0000,0x0000,0x0000,0x0000,0x0000,0x0000,0x0000,0x0000,0x0000,0x0000,0x0000,0x7b9a,0x5672,0x356a,0x356a,
    0x39ac,0x39ac,0x2d49,0x41cd,0x5eb4,0x0000,0x0000,0x0000,0x0000,0x0000,0x0000,0x0000,0x0000,0x0000,0x0000,0x0000,
    0x0000,0x0000,0x0000,0x0000,0x0000,0x0000,0x7b9a,0x7b9a,0x7b9a,0x7b9a,0x0000,0x0000,0x0000,0x0000,0x0000,0x0000,
    0x0000,0x0000,0x0000,0x0000,0x0000,
};
static const uint16_t icon_right_stick_right[437] = {
    0x0000,0x0000,0x0000,0x0000,0x0000,0x0000,0x0000,0x0000,0x0000,0x0000,0x0000,0x0000,0x0000,0x0000,0x0000,0x0000,
    0x0000,0x0000,0x0000,0x0000,0x0000,0x0000,0x0000,0x0000,0x0000,0x0000,0x0000,0x0000,0x0000,0x7b9a,0x5eb4,0x4e30,
    0x4a0f,0x4a0f,0x5a93,0x6b17,0x0000,0x0000,0x0000,0x0000,0x0000,0x0000,0x0000,0x0000,0x0000,0x0000,0x0000,0x0000,
    0x0000,0x0000,0x7b9a,0x4e30,0x2907,0x4a0f,0x62d5,0x6f37,0x6af6,0x5a93,0x39ac,0x39ac,0x6f17,0x0000,0x0000,0x0000,
    0x0000,0x0000,0x0000,0x0000,0x0000,0x0000,0x0000,0x0000,0x7b9a,0x39ac,0x4e30,0x7b9a,0x7b9a,0x7b9a,0x7b9a,0x7b9a,
    0x7b9a,0x7b9a,0x6f37,0x356a,0x66f6,0x0000,0x0000,0x0000,0x0000,0x0000,0x0000,0x0000,0x0000,0x0000,0x7b9a,0x41cd,
    0x6af6,0x7b9a,0x7b9a,0x7b9a,0x7b9a,0x7b9a,0x7b9a,0x7b9a,0x7b9a,0x7b9a,0x7b9a,0x39ac,0x66f6,0x0000,0x0000,0x0000,
    0x0000,0x0000,0x0000,0x0000,0x0000,0x5672,0x4e30,0x7b9a,0x7b9a,0x62d4,0x2d49,0x2d49,0x2d49,0x2d49,0x41cd,0x6f37,
    0x7b9a,0x7b9a,0x7759,0x2d49,0x7358,0x0000,0x0000,0x0000,0x0000,0x0000,0x0000,0x7b9a,0x2d49,0x7b9a,0x7b9a,0x7b9a,
    0x5672,0x1483,0x18a4,0x20e6,0x1483,0x1483,0x20e6,0x7b9a,0x7b9a,0x7b9a,0x5672,0x4e30,0x0000,0x7b9a,0x0000,0x0000,
    0x0000,0x0000,0x5eb4,0x4e30,0x7b9a,0x7b9a,0x7b9a,0x5672,0x1483,0x2d49,0x7b9a,0x62d4,0x1483,0x1483,0x6f37,0x7b9a,
    0x7b9a,0x7759,0x356a,0x0000,0x0000,0x7b9a,0x0000,0x0000,0x0000,0x4e30,0x62d5,0x7b9a,0x7b9a,0x7b9a,0x5672,0x1483,
    0x2d49,0x7b9a,0x6af6,0x1483,0x1483,0x7759,0x7b9a,0x7b9a,0x7b9a,0x356a,0x7b9a,0x0000,0x7b9a,0x7b9a,0x0000,0x0000,
    0x4a0f,0x6f37,0x7b9a,0x7b9a,0x7b9a,0x5672,0x1483,0x18a5,0x2d49,0x18a4,0x1483,0x4a0f,0x7b9a,0x7b9a,0x7b9a,0x7b9a,
    0x39ac,0x7b9a,0x0000,0x7b9a,0x7b9a,0x0000,0x0000,0x4a0f,0x6f37,0x7b9a,0x7b9a,0x7b9a,0x5672,0x1483,0x18a4,0x18a4,
    0x1483,0x2d49,0x7b9a,0x7b9a,0x7b9a,0x7b9a,0x7b9a,0x356a,0x7b9a,0x0000,0x7b9a,0x7b9a,0x0000,0x0000,0x5672,0x5672,
    0x7b9a,0x7b9a,0x7b9a,0x5672,0x1483,0x2d49,0x6f37,0x20e6,0x1483,0x4e30,0x7b9a,0x7b9a,0x7b9a,0x7b9a,0x39ac,0x7b9a,
    0x0000,0x7b9a,0x0000,0x0000,0x0000,0x7358,0x356a,0x7b9a,0x7b9a,0x7b9a,0x5672,0x1483,0x2d49,0x7b9a,0x62d4,0x1483,
    0x18a5,0x6f37,0x7b9a,0x7b9a,0x6f37,0x39ac,0x0000,0x0000,0x7b9a,0x0000,0x0000,0x0000,0x0000,0x2d49,0x6f37,0x7b9a,
    0x7b9a,0x5672,0x1483,0x2d49,0x7b9a,0x7b9a,0x2d49,0x1483,0x2d49,0x7b9a,0x7b9a,0x39ac,0x6f17,0x0000,0x7b9a,0x0000,
    0x0000,0x0000,0x0000,0x0000,0x6f17,0x2d49,0x7b9a,0x7b9a,0x6f37,0x5672,0x5a93,0x7b9a,0x7b9a,0x6f37,0x5672,0x5672,
    0x7759,0x5a93,0x4a0f,0x0000,0x0000,0x0000,0x0000,0x0000,0x0000,0x0000,0x0000,0x0000,0x66f6,0x39ac,0x7759,0x7b9a,
    0x7b9a,0x7b9a,0x7b9a,0x7b9a,0x7b9a,0x7b9a,0x7b9a,0x5a93,0x41cd,0x7b9a,0x0000,0x0000,0x0000,0x0000,0x0000,0x0000,
    0x0000,0x0000,0x0000,0x0000,0x6f17,0x2d49,0x5672,0x7b9a,0x7b9a,0x7b9a,0x7b9a,0x7b9a,0x6af6,0x39ac,0x41cd,0x7b9a,
    0x0000,0x0000,0x0000,0x0000,0x0000,0x0000,0x0000,0x0000,0x0000,0x0000,0x0000,0x0000,0x7b9a,0x5672,0x356a,0x356a,
    0x39ac,0x39ac,0x2d49,0x41cd,0x5eb4,0x0000,0x0000,0x0000,0x0000,0x0000,0x0000,0x0000,0x0000,0x0000,0x0000,0x0000,
    0x0000,0x0000,0x0000,0x0000,0x0000,0x0000,0x7b9a,0x7b9a,0x7b9a,0x7b9a,0x0000,0x0000,0x0000,0x0000,0x0000,0x0000,
    0x0000,0x0000,0x0000,0x0000,0x0000,
};
static const uint16_t icon_left_stick_left[418] = {
    0x0000,0x0000,0x0000,0x0000,0x0000,0x0000,0x0000,0x0000,0x0000,0x0000,0x0000,0x0000,0x0000,0x0000,0x0000,0x0000,
    0x0000,0x0000,0x0000,0x0000,0x0000,0x0000,0x0000,0x0000,0x0000,0x0000,0x0000,0x0000,0x0000,0x0000,0x0000,0x7f9a,
    0x5eb4,0x4e30,0x4a0f,0x4a0f,0x5672,0x6f17,0x0000,0x0000,0x0000,0x0000,0x0000,0x0000,0x0000,0x0000,0x0000,0x0000,
    0x0000,0x0000,0x0000,0x0000,0x5eb4,0x2d49,0x4a0f,0x5a93,0x6f37,0x6af6,0x5a93,0x39ac,0x2d49,0x6f17,0x0000,0x0000,
    0x0000,0x0000,0x0000,0x0000,0x0000,0x0000,0x0000,0x0000,0x7b9a,0x4a0f,0x41cd,0x7759,0x7b9a,0x7b9a,0x7b9a,0x7b9a,
    0x7b9a,0x7b9a,0x6f37,0x356a,0x5672,0x0000,0x0000,0x0000,0x0000,0x0000,0x0000,0x0000,0x0000,0x7b9a,0x4a0f,0x4e30,
    0x7b9a,0x7b9a,0x7b9a,0x7b9a,0x7b9a,0x7b9a,0x7b9a,0x7b9a,0x7b9a,0x7b9a,0x41cd,0x5a93,0x0000,0x0000,0x0000,0x0000,
    0x0000,0x0000,0x0000,0x5a92,0x4a0f,0x7b9a,0x7b9a,0x7b9a,0x7759,0x2d49,0x2d49,0x7b9a,0x7b9a,0x7b9a,0x7b9a,0x7b9a,
    0x7b9a,0x356a,0x7358,0x0000,0x0000,0x0000,0x7b9a,0x0000,0x7b9a,0x39ac,0x6f37,0x7b9a,0x7b9a,0x7b9a,0x6f37,0x1483,
    0x1483,0x7b9a,0x7b9a,0x7b9a,0x7b9a,0x7b9a,0x7b9a,0x62d4,0x4a0f,0x0000,0x0000,0x0000,0x7b9a,0x0000,0x6f17,0x39ac,
    0x7b9a,0x7b9a,0x7b9a,0x7b9a,0x6f37,0x1483,0x1483,0x7b9a,0x7b9a,0x7b9a,0x7b9a,0x7b9a,0x7b9a,0x7b9a,0x2d49,0x7b9a,
    0x0000,0x7b9a,0x7b9a,0x0000,0x5a93,0x5a93,0x7b9a,0x7b9a,0x7b9a,0x7b9a,0x6f37,0x1483,0x1483,0x7b9a,0x7b9a,0x7b9a,
    0x7b9a,0x7b9a,0x7b9a,0x7b9a,0x39ac,0x7359,0x7b9a,0x7b9a,0x7b9a,0x0000,0x5672,0x62d5,0x7b9a,0x7b9a,0x7b9a,0x7b9a,
    0x6f37,0x1483,0x1483,0x7b9a,0x7b9a,0x7b9a,0x7b9a,0x7b9a,0x7b9a,0x7b9a,0x4a0f,0x6f17,0x7b9a,0x7b9a,0x7b9a,0x0000,
    0x5672,0x5a93,0x7b9a,0x7b9a,0x7b9a,0x7b9a,0x6f37,0x1483,0x1483,0x7b9a,0x7b9a,0x7b9a,0x7b9a,0x7b9a,0x7b9a,0x7b9a,
    0x41cd,0x6b17,0x0000,0x7b9a,0x7b9a,0x0000,0x5eb4,0x4e30,0x7b9a,0x7b9a,0x7b9a,0x7b9a,0x6f37,0x1483,0x1483,0x7b9a,
    0x7b9a,0x7b9a,0x7b9a,0x7b9a,0x7b9a,0x7b9a,0x2d49,0x7b9a,0x0000,0x0000,0x7b9a,0x0000,0x7358,0x356a,0x7b9a,0x7b9a,
    0x7b9a,0x7b9a,0x6f37,0x1483,0x1483,0x4a0f,0x4a0f,0x4a0f,0x6f37,0x7b9a,0x7b9a,0x6f37,0x2d49,0x0000,0x0000,0x0000,
    0x0000,0x0000,0x0000,0x4a0f,0x62d5,0x7b9a,0x7b9a,0x7b9a,0x6f37,0x1483,0x1483,0x1483,0x1483,0x1483,0x62d5,0x7b9a,
    0x7b9a,0x4a0f,0x5672,0x0000,0x0000,0x0000,0x0000,0x0000,0x0000,0x7358,0x2d49,0x7759,0x7b9a,0x7b9a,0x7759,0x5672,
    0x5672,0x5672,0x5672,0x5672,0x6f37,0x7b9a,0x6f37,0x39ac,0x0000,0x0000,0x0000,0x0000,0x0000,0x0000,0x0000,0x0000,
    0x6f17,0x356a,0x6f37,0x7b9a,0x7b9a,0x7b9a,0x7b9a,0x7b9a,0x7b9a,0x7b9a,0x7b9a,0x6af6,0x356a,0x7358,0x0000,0x0000,
    0x0000,0x0000,0x0000,0x0000,0x0000,0x0000,0x0000,0x6f17,0x2d49,0x5672,0x7759,0x7b9a,0x7b9a,0x7b9a,0x7b9a,0x7759,
    0x4a0f,0x39ac,0x7358,0x0000,0x0000,0x0000,0x0000,0x0000,0x0000,0x0000,0x0000,0x0000,0x0000,0x0000,0x7b9a,0x5672,
    0x2d49,0x356a,0x39ac,0x39ac,0x356a,0x39ac,0x5eb4,0x0000,0x0000,0x0000,0x0000,0x0000,0x0000,0x0000,0x0000,0x0000,
    0x0000,0x0000,0x0000,0x0000,0x0000,0x0000,0x0000,0x7b9a,0x7b9a,0x7b9a,0x7b9a,0x0000,0x0000,0x0000,0x0000,0x0000,
    0x0000,0x0000,
};
static const uint16_t icon_right_stick_left[418] = {
    0x0000,0x0000,0x0000,0x0000,0x0000,0x0000,0x0000,0x0000,0x0000,0x0000,0x0000,0x0000,0x0000,0x0000,0x0000,0x0000,
    0x0000,0x0000,0x0000,0x0000,0x0000,0x0000,0x0000,0x0000,0x0000,0x0000,0x0000,0x0000,0x0000,0x0000,0x0000,0x7f9a,
    0x5eb4,0x4e30,0x4a0f,0x4a0f,0x5672,0x6f17,0x0000,0x0000,0x0000,0x0000,0x0000,0x0000,0x0000,0x0000,0x0000,0x0000,
    0x0000,0x0000,0x0000,0x0000,0x5eb4,0x2d49,0x4a0f,0x5a93,0x6f37,0x6af6,0x5a93,0x39ac,0x2d49,0x6f17,0x0000,0x0000,
    0x0000,0x0000,0x0000,0x0000,0x0000,0x0000,0x0000,0x0000,0x7b9a,0x4a0f,0x41cd,0x7759,0x7b9a,0x7b9a,0x7b9a,0x7b9a,
    0x7b9a,0x7b9a,0x6f37,0x356a,0x5672,0x0000,0x0000,0x0000,0x0000,0x0000,0x0000,0x0000,0x0000,0x7b9a,0x4a0f,0x4e30,
    0x7b9a,0x7b9a,0x7b9a,0x7b9a,0x7b9a,0x7b9a,0x7b9a,0x7b9a,0x7b9a,0x7b9a,0x41cd,0x5a93,0x0000,0x0000,0x0000,0x0000,
    0x0000,0x0000,0x0000,0x5a92,0x4a0f,0x7b9a,0x7b9a,0x6af6,0x2d49,0x2d49,0x2d49,0x2d49,0x41cd,0x6f37,0x7b9a,0x7b9a,
    0x7b9a,0x356a,0x7358,0x0000,0x0000,0x0000,0x7b9a,0x0000,0x7b9a,0x39ac,0x6f37,0x7b9a,0x7b9a,0x62d4,0x1483,0x1483,
    0x20e6,0x1483,0x1483,0x20e6,0x7759,0x7b9a,0x7b9a,0x62d4,0x4a0f,0x0000,0x0000,0x0000,0x7b9a,0x0000,0x6f17,0x39ac,
    0x7b9a,0x7b9a,0x7b9a,0x62d4,0x1483,0x20e6,0x7b9a,0x6f37,0x1483,0x1483,0x62d5,0x7b9a,0x7b9a,0x7b9a,0x2d49,0x7b9a,
    0x0000,0x7b9a,0x7b9a,0x0000,0x5a93,0x5a93,0x7b9a,0x7b9a,0x7b9a,0x62d4,0x1483,0x20e6,0x7b9a,0x6f37,0x1483,0x1483,
    0x6af6,0x7b9a,0x7b9a,0x7b9a,0x39ac,0x7359,0x7b9a,0x7b9a,0x7b9a,0x0000,0x5672,0x62d5,0x7b9a,0x7b9a,0x7b9a,0x62d4,
    0x1483,0x18a5,0x2d49,0x18a4,0x1483,0x4a0f,0x7b9a,0x7b9a,0x7b9a,0x7b9a,0x4a0f,0x6f17,0x7b9a,0x7b9a,0x7b9a,0x0000,
    0x5672,0x5a93,0x7b9a,0x7b9a,0x7b9a,0x62d4,0x1483,0x1483,0x18a4,0x1483,0x2907,0x7759,0x7b9a,0x7b9a,0x7b9a,0x7b9a,
    0x41cd,0x6b17,0x0000,0x7b9a,0x7b9a,0x0000,0x5eb4,0x4e30,0x7b9a,0x7b9a,0x7b9a,0x62d4,0x1483,0x20e6,0x7759,0x2907,
    0x1483,0x41cd,0x7b9a,0x7b9a,0x7b9a,0x7b9a,0x2d49,0x7b9a,0x0000,0x0000,0x7b9a,0x0000,0x7358,0x356a,0x7b9a,0x7b9a,
    0x7b9a,0x62d4,0x1483,0x20e6,0x7b9a,0x62d4,0x1483,0x1483,0x62d5,0x7b9a,0x7b9a,0x6f37,0x2d49,0x0000,0x0000,0x0000,
    0x0000,0x0000,0x0000,0x4a0f,0x62d5,0x7b9a,0x7b9a,0x62d4,0x1483,0x20e6,0x7b9a,0x7b9a,0x41cd,0x1483,0x20e6,0x7759,
    0x7b9a,0x4a0f,0x5672,0x0000,0x0000,0x0000,0x0000,0x0000,0x0000,0x7358,0x2d49,0x7759,0x7b9a,0x7759,0x5672,0x5a93,
    0x7b9a,0x7b9a,0x7759,0x5672,0x5672,0x6f37,0x6f37,0x39ac,0x0000,0x0000,0x0000,0x0000,0x0000,0x0000,0x0000,0x0000,
    0x6f17,0x356a,0x6f37,0x7b9a,0x7b9a,0x7b9a,0x7b9a,0x7b9a,0x7b9a,0x7b9a,0x7b9a,0x6af6,0x356a,0x7358,0x0000,0x0000,
    0x0000,0x0000,0x0000,0x0000,0x0000,0x0000,0x0000,0x6f17,0x2d49,0x5672,0x7759,0x7b9a,0x7b9a,0x7b9a,0x7b9a,0x7759,
    0x4a0f,0x39ac,0x7358,0x0000,0x0000,0x0000,0x0000,0x0000,0x0000,0x0000,0x0000,0x0000,0x0000,0x0000,0x7b9a,0x5672,
    0x2d49,0x356a,0x39ac,0x39ac,0x356a,0x39ac,0x5eb4,0x0000,0x0000,0x0000,0x0000,0x0000,0x0000,0x0000,0x0000,0x0000,
    0x0000,0x0000,0x0000,0x0000,0x0000,0x0000,0x0000,0x7b9a,0x7b9a,0x7b9a,0x7b9a,0x0000,0x0000,0x0000,0x0000,0x0000,
    0x0000,0x0000,
};
static const uint16_t icon_left_stick[494] = {
    0x0000,0x0000,0x0000,0x0000,0x0000,0x0000,0x0000,0x0000,0x0000,0x0000,0x0000,0x0000,0x0000,0x0000,0x0000,0x0000,
    0x0000,0x0000,0x0000,0x0000,0x0000,0x0000,0x0000,0x0000,0x0000,0x0000,0x0000,0x0000,0x0000,0x7b9a,0x7b9a,0x7b9a,
    0x7b9a,0x7b9a,0x7b9a,0x7b9a,0x7b9a,0x7b9a,0x7b9a,0x7b9a,0x7b9a,0x7b9a,0x7b9a,0x7b9a,0x7b9a,0x7b9a,0x7b9a,0x7b9a,
    0x0000,0x0000,0x0000,0x0000,0x0000,0x0000,0x7b9a,0x7b9a,0x7b9a,0x7b9a,0x7b9a,0x7b9a,0x7b9a,0x7b9a,0x6f37,0x5672,
    0x5a93,0x7b9a,0x7b9a,0x7b9a,0x7b9a,0x7b9a,0x7b9a,0x7b9a,0x7b9a,0x7b9a,0x7b9a,0x7b9a,0x0000,0x0000,0x0000,0x7b9a,
    0x7b9a,0x7b9a,0x7b9a,0x7b9a,0x7b9a,0x7b9a,0x7b9a,0x7b9a,0x62d4,0x1483,0x20e6,0x7b9a,0x7b9a,0x7b9a,0x7b9a,0x7b9a,
    0x7b9a,0x7b9a,0x7b9a,0x7b9a,0x7b9a,0x7b9a,0x0000,0x0000,0x7b9a,0x7b9a,0x7b9a,0x7b9a,0x7b9a,0x7b9a,0x7b9a,0x7b9a,
    0x7b9a,0x7b9a,0x62d4,0x1483,0x20e6,0x7b9a,0x7b9a,0x7b9a,0x7b9a,0x7b9a,0x7b9a,0x7b9a,0x7b9a,0x7b9a,0x7b9a,0x7b9a,
    0x7b9a,0x0000,0x7b9a,0x7b9a,0x7b9a,0x7b9a,0x7b9a,0x7b9a,0x7b9a,0x7b9a,0x7b9a,0x7b9a,0x62d4,0x1483,0x20e6,0x7b9a,
    0x7b9a,0x7b9a,0x7b9a,0x7b9a,0x7b9a,0x7b9a,0x7b9a,0x7b9a,0x7b9a,0x7b9a,0x7b9a,0x0000,0x7b9a,0x7b9a,0x7b9a,0x7b9a,
    0x7b9a,0x7b9a,0x7b9a,0x7b9a,0x7b9a,0x7b9a,0x62d4,0x1483,0x20e6,0x7b9a,0x7b9a,0x7b9a,0x7b9a,0x7b9a,0x7b9a,0x7b9a,
    0x7b9a,0x7b9a,0x7b9a,0x7b9a,0x7b9a,0x0000,0x7b9a,0x7b9a,0x7b9a,0x7b9a,0x7b9a,0x7b9a,0x7b9a,0x7b9a,0x7b9a,0x7b9a,
    0x62d4,0x1483,0x20e6,0x7b9a,0x7b9a,0x7b9a,0x7b9a,0x7b9a,0x7b9a,0x7b9a,0x7b9a,0x7b9a,0x7b9a,0x7b9a,0x7b9a,0x0000,
    0x7b9a,0x7b9a,0x7b9a,0x7b9a,0x7b9a,0x7b9a,0x7b9a,0x7b9a,0x7b9a,0x7b9a,0x62d4,0x1483,0x20e6,0x7b9a,0x7b9a,0x7b9a,
    0x7b9a,0x7b9a,0x7b9a,0x7b9a,0x7b9a,0x7b9a,0x7b9a,0x7b9a,0x7b9a,0x0000,0x0000,0x7b9a,0x7b9a,0x7b9a,0x7b9a,0x7b9a,
    0x7b9a,0x7b9a,0x7b9a,0x7b9a,0x62d4,0x1483,0x20e6,0x6f37,0x6f37,0x6f37,0x7b9a,0x7b9a,0x7b9a,0x7b9a,0x7b9a,0x7b9a,
    0x7b9a,0x7b9a,0x7b9a,0x0000,0x0000,0x7b9a,0x7b9a,0x7b9a,0x7b9a,0x7b9a,0x7b9a,0x7b9a,0x7b9a,0x7b9a,0x62d4,0x1483,
    0x1483,0x1483,0x1483,0x1483,0x6f37,0x7b9a,0x7b9a,0x7b9a,0x7b9a,0x7b9a,0x7b9a,0x7b9a,0x0000,0x0000,0x0000,0x0000,
    0x7b9a,0x7b9a,0x7b9a,0x7b9a,0x7b9a,0x7b9a,0x7b9a,0x7b9a,0x6af6,0x2d49,0x2d49,0x2d49,0x2d49,0x2d49,0x7759,0x7b9a,
    0x7b9a,0x7b9a,0x7b9a,0x7b9a,0x7b9a,0x0000,0x0000,0x0000,0x0000,0x0000,0x0000,0x0000,0x7b9a,0x7b9a,0x7b9a,0x7b9a,
    0x7b9a,0x7b9a,0x7b9a,0x7b9a,0x7b9a,0x7b9a,0x7b9a,0x7b9a,0x7b9a,0x7b9a,0x7b9a,0x7b9a,0x7b9a,0x0000,0x0000,0x0000,
    0x0000,0x0000,0x0000,0x0000,0x0000,0x0000,0x0000,0x0000,0x0000,0x7b9a,0x7b9a,0x7b9a,0x7b9a,0x7b9a,0x7b9a,0x7b9a,
    0x7b9a,0x7b9a,0x7b9a,0x7b9a,0x7b9a,0x0000,0x0000,0x0000,0x0000,0x0000,0x0000,0x0000,0x0000,0x0000,0x0000,0x0000,
    0x0000,0x0000,0x0000,0x7b9a,0x7b9a,0x7b9a,0x7b9a,0x7b9a,0x7b9a,0x7b9a,0x7b9a,0x7b9a,0x7b9a,0x7b9a,0x7b9a,0x0000,
    0x0000,0x0000,0x0000,0x0000,0x0000,0x0000,0x0000,0x0000,0x0000,0x0000,0x0000,0x0000,0x0000,0x7b9a,0x7b9a,0x7b9a,
    0x7b9a,0x7b9a,0x7b9a,0x7b9a,0x7b9a,0x7b9a,0x7b9a,0x7b9a,0x7b9a,0x0000,0x0000,0x0000,0x0000,0x0000,0x0000,0x0000,
    0x0000,0x0000,0x0000,0x0000,0x0000,0x0000,0x0000,0x7b9a,0x7b9a,0x7b9a,0x7b9a,0x7b9a,0x7b9a,0x7b9a,0x7b9a,0x7b9a,
    0x7b9a,0x7b9a,0x7b9a,0x0000,0x0000,0x0000,0x0000,0x0000,0x0000,0x0000,0x0000,0x0000,0x0000,0x0000,0x0000,0x0000,
    0x0000,0x7b9a,0x7b9a,0x7b9a,0x7b9a,0x7b9a,0x7b9a,0x7b9a,0x7b9a,0x7b9a,0x7b9a,0x7b9a,0x7b9a,0x0000,0x0000,0x0000,
    0x0000,0x0000,0x0000,0x0000,0x0000,0x0000,0x0000,0x0000,0x0000,0x0000,0x0000,0x7b9a,0x7b9a,0x7b9a,0x7b9a,0x7b9a,
    0x7b9a,0x7b9a,0x7b9a,0x7b9a,0x7b9a,0x7b9a,0x7b9a,0x0000,0x0000,0x0000,0x0000,0x0000,0x0000,0x0000,
};
static const uint16_t icon_right_stick[494] = {
    0x0000,0x0000,0x0000,0x0000,0x0000,0x0000,0x0000,0x0000,0x0000,0x0000,0x0000,0x0000,0x0000,0x0000,0x0000,0x0000,
    0x0000,0x0000,0x0000,0x0000,0x0000,0x0000,0x0000,0x0000,0x0000,0x0000,0x0000,0x0000,0x0000,0x0000,0x7b9a,0x7b9a,
    0x7b9a,0x7b9a,0x7b9a,0x7b9a,0x7b9a,0x7b9a,0x7b9a,0x7b9a,0x7b9a,0x7b9a,0x7b9a,0x7b9a,0x7b9a,0x7b9a,0x7b9a,0x7b9a,
    0x7b9a,0x0000,0x0000,0x0000,0x0000,0x0000,0x7b9a,0x7b9a,0x7b9a,0x7b9a,0x7b9a,0x7b9a,0x7b9a,0x6f37,0x5672,0x5672,
    0x5672,0x5a93,0x6af6,0x7b9a,0x7b9a,0x7b9a,0x7b9a,0x7b9a,0x7b9a,0x7b9a,0x7b9a,0x7b9a,0x0000,0x0000,0x0000,0x7b9a,
    0x7b9a,0x7b9a,0x7b9a,0x7b9a,0x7b9a,0x7b9a,0x7b9a,0x62d4,0x1483,0x1483,0x1483,0x1483,0x1483,0x41cd,0x7b9a,0x7b9a,
    0x7b9a,0x7b9a,0x7b9a,0x7b9a,0x7b9a,0x7b9a,0x7b9a,0x0000,0x0000,0x7b9a,0x7b9a,0x7b9a,0x7b9a,0x7b9a,0x7b9a,0x7b9a,
    0x7b9a,0x62d4,0x1483,0x18a5,0x62d4,0x4e30,0x1483,0x1483,0x6af6,0x7b9a,0x7b9a,0x7b9a,0x7b9a,0x7b9a,0x7b9a,0x7b9a,
    0x7b9a,0x0000,0x0000,0x7b9a,0x7b9a,0x7b9a,0x7b9a,0x7b9a,0x7b9a,0x7b9a,0x7b9a,0x62d4,0x1483,0x20e6,0x7b9a,0x7b9a,
    0x1483,0x1483,0x62d5,0x7b9a,0x7b9a,0x7b9a,0x7b9a,0x7b9a,0x7b9a,0x7b9a,0x7b9a,0x7b9a,0x0000,0x7b9a,0x7b9a,0x7b9a,
    0x7b9a,0x7b9a,0x7b9a,0x7b9a,0x7b9a,0x62d4,0x1483,0x18a5,0x5672,0x39ac,0x1483,0x20e6,0x7b9a,0x7b9a,0x7b9a,0x7b9a,
    0x7b9a,0x7b9a,0x7b9a,0x7b9a,0x7b9a,0x7b9a,0x0000,0x7b9a,0x7b9a,0x7b9a,0x7b9a,0x7b9a,0x7b9a,0x7b9a,0x7b9a,0x62d4,
    0x1483,0x1483,0x1483,0x1483,0x20e6,0x6f37,0x7b9a,0x7b9a,0x7b9a,0x7b9a,0x7b9a,0x7b9a,0x7b9a,0x7b9a,0x7b9a,0x7b9a,
    0x0000,0x7b9a,0x7b9a,0x7b9a,0x7b9a,0x7b9a,0x7b9a,0x7b9a,0x7b9a,0x62d4,0x1483,0x18a5,0x5672,0x18a4,0x1483,0x5a93,
    0x7b9a,0x7b9a,0x7b9a,0x7b9a,0x7b9a,0x7b9a,0x7b9a,0x7b9a,0x7b9a,0x7b9a,0x0000,0x7b9a,0x7b9a,0x7b9a,0x7b9a,0x7b9a,
    0x7b9a,0x7b9a,0x7b9a,0x62d4,0x1483,0x20e6,0x7b9a,0x4e30,0x1483,0x18a5,0x7759,0x7b9a,0x7b9a,0x7b9a,0x7b9a,0x7b9a,
    0x7b9a,0x7b9a,0x7b9a,0x0000,0x0000,0x0000,0x7b9a,0x7b9a,0x7b9a,0x7b9a,0x7b9a,0x7b9a,0x7b9a,0x62d4,0x1483,0x20e6,
    0x7b9a,0x7b9a,0x2d49,0x1483,0x41cd,0x7b9a,0x7b9a,0x7b9a,0x7b9a,0x7b9a,0x7b9a,0x7b9a,0x7b9a,0x0000,0x0000,0x0000,
    0x0000,0x7b9a,0x7b9a,0x7b9a,0x7b9a,0x7b9a,0x7b9a,0x6af6,0x2d49,0x39ac,0x7b9a,0x7b9a,0x62d4,0x2d49,0x2d49,0x6f37,
    0x7b9a,0x7b9a,0x7b9a,0x7b9a,0x7b9a,0x7b9a,0x0000,0x0000,0x0000,0x0000,0x0000,0x0000,0x0000,0x7b9a,0x7b9a,0x7b9a,
    0x7b9a,0x7b9a,0x7b9a,0x7b9a,0x7b9a,0x7b9a,0x7b9a,0x7b9a,0x7b9a,0x7b9a,0x7b9a,0x7b9a,0x7b9a,0x7b9a,0x0000,0x0000,
    0x0000,0x0000,0x0000,0x0000,0x0000,0x0000,0x0000,0x0000,0x0000,0x7b9a,0x7b9a,0x7b9a,0x7b9a,0x7b9a,0x7b9a,0x7b9a,
    0x7b9a,0x7b9a,0x7b9a,0x7b9a,0x7b9a,0x0000,0x0000,0x0000,0x0000,0x0000,0x0000,0x0000,0x0000,0x0000,0x0000,0x0000,
    0x0000,0x0000,0x0000,0x7b9a,0x7b9a,0x7b9a,0x7b9a,0x7b9a,0x7b9a,0x7b9a,0x7b9a,0x7b9a,0x7b9a,0x7b9a,0x7b9a,0x0000,
    0x0000,0x0000,0x0000,0x0000,0x0000,0x0000,0x0000,0x0000,0x0000,0x0000,0x0000,0x0000,0x0000,0x7b9a,0x7b9a,0x7b9a,
    0x7b9a,0x7b9a,0x7b9a,0x7b9a,0x7b9a,0x7b9a,0x7b9a,0x7b9a,0x7b9a,0x0000,0x0000,0x0000,0x0000,0x0000,0x0000,0x0000,
    0x0000,0x0000,0x0000,0x0000,0x0000,0x0000,0x0000,0x7b9a,0x7b9a,0x7b9a,0x7b9a,0x7b9a,0x7b9a,0x7b9a,0x7b9a,0x7b9a,
    0x7b9a,0x7b9a,0x7b9a,0x0000,0x0000,0x0000,0x0000,0x0000,0x0000,0x0000,0x0000,0x0000,0x0000,0x0000,0x0000,0x0000,
    0x0000,0x7b9a,0x7b9a,0x7b9a,0x7b9a,0x7b9a,0x7b9a,0x7b9a,0x7b9a,0x7b9a,0x7b9a,0x7b9a,0x7b9a,0x0000,0x0000,0x0000,
    0x0000,0x0000,0x0000,0x0000,0x0000,0x0000,0x0000,0x0000,0x0000,0x0000,0x0000,0x7b9a,0x7b9a,0x7b9a,0x7b9a,0x7b9a,
    0x7b9a,0x7b9a,0x7b9a,0x7b9a,0x7b9a,0x7b9a,0x7b9a,0x0000,0x0000,0x0000,0x0000,0x0000,0x0000,0x0000,
};
static const uint16_t icon_left_stick_press[494] = {
    0x0000,0x0000,0x0000,0x0000,0x0000,0x0000,0x0000,0x0000,0x0000,0x0000,0x0000,0x7b9a,0x7b9a,0x7b9a,0x7b9a,0x0000,
    0x0000,0x0000,0x0000,0x0000,0x0000,0x0000,0x0000,0x0000,0x0000,0x0000,0x0000,0x0000,0x0000,0x0000,0x0000,0x0000,
    0x0000,0x0000,0x0000,0x0000,0x0000,0x7b9a,0x7b9a,0x7b9a,0x0000,0x0000,0x0000,0x0000,0x0000,0x0000,0x0000,0x0000,
    0x0000,0x0000,0x0000,0x0000,0x0000,0x0000,0x0000,0x0000,0x0000,0x0000,0x0000,0x0000,0x0000,0x0000,0x0000,0x0000,
    0x7b9a,0x0000,0x0000,0x0000,0x0000,0x0000,0x0000,0x0000,0x0000,0x0000,0x0000,0x0000,0x0000,0x0000,0x0000,0x0000,
    0x0000,0x0000,0x0000,0x0000,0x0000,0x0000,0x0000,0x0000,0x0000,0x0000,0x7b9a,0x0000,0x0000,0x0000,0x0000,0x0000,
    0x0000,0x0000,0x0000,0x0000,0x0000,0x0000,0x0000,0x0000,0x0000,0x0000,0x0000,0x7b9a,0x7b9a,0x7b9a,0x7b9a,0x7b9a,
    0x7b9a,0x7b9a,0x7b9a,0x7b9a,0x7b9a,0x7b9a,0x7b9a,0x7b9a,0x7b9a,0x7b9a,0x7b9a,0x7b9a,0x7b9a,0x7b9a,0x7b9a,0x0000,
    0x0000,0x0000,0x0000,0x7b9a,0x7b9a,0x7b9a,0x7b9a,0x7b9a,0x7b9a,0x7b9a,0x7b9a,0x7b9a,0x6af6,0x39ac,0x41cd,0x7b9a,
    0x7b9a,0x7b9a,0x7b9a,0x7b9a,0x7b9a,0x7b9a,0x7b9a,0x7b9a,0x7b9a,0x7b9a,0x0000,0x0000,0x0000,0x7b9a,0x7b9a,0x7b9a,
    0x7b9a,0x7b9a,0x7b9a,0x7b9a,0x7b9a,0x7b9a,0x62d4,0x1483,0x20e6,0x7b9a,0x7b9a,0x7b9a,0x7b9a,0x7b9a,0x7b9a,0x7b9a,
    0x7b9a,0x7b9a,0x7b9a,0x7b9a,0x7b9a,0x0000,0x7b9a,0x7b9a,0x7b9a,0x7b9a,0x7b9a,0x7b9a,0x7b9a,0x7b9a,0x7b9a,0x7b9a,
    0x62d4,0x1483,0x20e6,0x7b9a,0x7b9a,0x7b9a,0x7b9a,0x7b9a,0x7b9a,0x7b9a,0x7b9a,0x7b9a,0x7b9a,0x7b9a,0x7b9a,0x0000,
    0x7b9a,0x7b9a,0x7b9a,0x7b9a,0x7b9a,0x7b9a,0x7b9a,0x7b9a,0x7b9a,0x7b9a,0x62d4,0x1483,0x20e6,0x7b9a,0x7b9a,0x7b9a,
    0x7b9a,0x7b9a,0x7b9a,0x7b9a,0x7b9a,0x7b9a,0x7b9a,0x7b9a,0x7b9a,0x0000,0x7b9a,0x7b9a,0x7b9a,0x7b9a,0x7b9a,0x7b9a,
    0x7b9a,0x7b9a,0x7b9a,0x7b9a,0x62d4,0x1483,0x20e6,0x7b9a,0x7b9a,0x7b9a,0x7b9a,0x7b9a,0x7b9a,0x7b9a,0x7b9a,0x7b9a,
    0x7b9a,0x7b9a,0x7b9a,0x0000,0x7b9a,0x7b9a,0x7b9a,0x7b9a,0x7b9a,0x7b9a,0x7b9a,0x7b9a,0x7b9a,0x7b9a,0x62d4,0x1483,
    0x20e6,0x7b9a,0x7b9a,0x7b9a,0x7b9a,0x7b9a,0x7b9a,0x7b9a,0x7b9a,0x7b9a,0x7b9a,0x7b9a,0x7b9a,0x0000,0x7b9a,0x7b9a,
    0x7b9a,0x7b9a,0x7b9a,0x7b9a,0x7b9a,0x7b9a,0x7b9a,0x7b9a,0x62d4,0x1483,0x20e6,0x7b9a,0x7b9a,0x7b9a,0x7b9a,0x7b9a,
    0x7b9a,0x7b9a,0x7b9a,0x7b9a,0x7b9a,0x7b9a,0x7b9a,0x0000,0x0000,0x7b9a,0x7b9a,0x7b9a,0x7b9a,0x7b9a,0x7b9a,0x7b9a,
    0x7b9a,0x7b9a,0x62d4,0x1483,0x18a5,0x5672,0x5672,0x5672,0x7759,0x7b9a,0x7b9a,0x7b9a,0x7b9a,0x7b9a,0x7b9a,0x7b9a,
    0x7b9a,0x0000,0x0000,0x0000,0x7b9a,0x7b9a,0x7b9a,0x7b9a,0x7b9a,0x7b9a,0x7b9a,0x7b9a,0x62d4,0x1483,0x1483,0x1483,
    0x1483,0x1483,0x6f37,0x7b9a,0x7b9a,0x7b9a,0x7b9a,0x7b9a,0x7b9a,0x7b9a,0x0000,0x0000,0x0000,0x0000,0x0000,0x7b9a,
    0x7b9a,0x7b9a,0x7b9a,0x7b9a,0x7b9a,0x7b9a,0x6f37,0x4a0f,0x4a0f,0x4a0f,0x4a0f,0x4a0f,0x7759,0x7b9a,0x7b9a,0x7b9a,
    0x7b9a,0x7b9a,0x7b9a,0x0000,0x0000,0x0000,0x0000,0x0000,0x0000,0x0000,0x0000,0x0000,0x7b9a,0x7b9a,0x7b9a,0x7b9a,
    0x7b9a,0x7b9a,0x7b9a,0x7b9a,0x7b9a,0x7b9a,0x7b9a,0x7b9a,0x7b9a,0x0000,0x0000,0x0000,0x0000,0x0000,0x0000,0x0000,
    0x0000,0x0000,0x0000,0x0000,0x0000,0x0000,0x0000,0x7b9a,0x7b9a,0x7b9a,0x7b9a,0x7b9a,0x7b9a,0x7b9a,0x7b9a,0x7b9a,
    0x7b9a,0x7b9a,0x7b9a,0x0000,0x0000,0x0000,0x0000,0x0000,0x0000,0x0000,0x0000,0x0000,0x0000,0x0000,0x0000,0x0000,
    0x0000,0x7b9a,0x7b9a,0x7b9a,0x7b9a,0x7b9a,0x7b9a,0x7b9a,0x7b9a,0x7b9a,0x7b9a,0x7b9a,0x7b9a,0x0000,0x0000,0x0000,
    0x0000,0x0000,0x0000,0x0000,0x0000,0x0000,0x0000,0x0000,0x0000,0x0000,0x0000,0x0000,0x0000,0x0000,0x0000,0x0000,
    0x0000,0x0000,0x0000,0x0000,0x0000,0x0000,0x0000,0x0000,0x0000,0x0000,0x0000,0x0000,0x0000,0x0000,
};
static const uint16_t icon_right_stick_press[494] = {
    0x0000,0x0000,0x0000,0x0000,0x0000,0x0000,0x0000,0x0000,0x0000,0x0000,0x0000,0x7b9a,0x7b9a,0x7b9a,0x7b9a,0x0000,
    0x0000,0x0000,0x0000,0x0000,0x0000,0x0000,0x0000,0x0000,0x0000,0x0000,0x0000,0x0000,0x0000,0x0000,0x0000,0x0000,
    0x0000,0x0000,0x0000,0x0000,0x0000,0x0000,0x7b9a,0x7b9a,0x7b9a,0x0000,0x0000,0x0000,0x0000,0x0000,0x0000,0x0000,
    0x0000,0x0000,0x0000,0x0000,0x0000,0x0000,0x0000,0x0000,0x0000,0x0000,0x0000,0x0000,0x0000,0x0000,0x0000,0x0000,
    0x0000,0x7b9a,0x0000,0x0000,0x0000,0x0000,0x0000,0x0000,0x0000,0x0000,0x0000,0x0000,0x0000,0x0000,0x0000,0x0000,
    0x0000,0x0000,0x0000,0x0000,0x0000,0x0000,0x0000,0x0000,0x0000,0x0000,0x0000,0x7b9a,0x0000,0x0000,0x0000,0x0000,
    0x0000,0x0000,0x0000,0x0000,0x0000,0x0000,0x0000,0x0000,0x0000,0x0000,0x0000,0x7b9a,0x7b9a,0x7b9a,0x7b9a,0x7b9a,
    0x7b9a,0x7b9a,0x7b9a,0x7b9a,0x7b9a,0x7b9a,0x7b9a,0x7b9a,0x7b9a,0x7b9a,0x7b9a,0x7b9a,0x7b9a,0x7b9a,0x7b9a,0x0000,
    0x0000,0x0000,0x0000,0x0000,0x7b9a,0x7b9a,0x7b9a,0x7b9a,0x7b9a,0x7b9a,0x7b9a,0x6af6,0x39ac,0x39ac,0x39ac,0x39ac,
    0x5672,0x6f37,0x7b9a,0x7b9a,0x7b9a,0x7b9a,0x7b9a,0x7b9a,0x7b9a,0x7b9a,0x7b9a,0x0000,0x0000,0x7b9a,0x7b9a,0x7b9a,
    0x7b9a,0x7b9a,0x7b9a,0x7b9a,0x7b9a,0x62d4,0x1483,0x1483,0x1483,0x1483,0x1483,0x20e6,0x7759,0x7b9a,0x7b9a,0x7b9a,
    0x7b9a,0x7b9a,0x7b9a,0x7b9a,0x7b9a,0x0000,0x0000,0x7b9a,0x7b9a,0x7b9a,0x7b9a,0x7b9a,0x7b9a,0x7b9a,0x7b9a,0x62d4,
    0x1483,0x20e6,0x7b9a,0x6af6,0x1483,0x1483,0x6af6,0x7b9a,0x7b9a,0x7b9a,0x7b9a,0x7b9a,0x7b9a,0x7b9a,0x7b9a,0x7b9a,
    0x0000,0x7b9a,0x7b9a,0x7b9a,0x7b9a,0x7b9a,0x7b9a,0x7b9a,0x7b9a,0x62d4,0x1483,0x20e6,0x7b9a,0x6f37,0x1483,0x1483,
    0x62d5,0x7b9a,0x7b9a,0x7b9a,0x7b9a,0x7b9a,0x7b9a,0x7b9a,0x7b9a,0x7b9a,0x0000,0x7b9a,0x7b9a,0x7b9a,0x7b9a,0x7b9a,
    0x7b9a,0x7b9a,0x7b9a,0x62d4,0x1483,0x18a5,0x39ac,0x20e6,0x1483,0x41cd,0x7b9a,0x7b9a,0x7b9a,0x7b9a,0x7b9a,0x7b9a,
    0x7b9a,0x7b9a,0x7b9a,0x7b9a,0x0000,0x7b9a,0x7b9a,0x7b9a,0x7b9a,0x7b9a,0x7b9a,0x7b9a,0x7b9a,0x62d4,0x1483,0x1483,
    0x1483,0x1483,0x2d49,0x7b9a,0x7b9a,0x7b9a,0x7b9a,0x7b9a,0x7b9a,0x7b9a,0x7b9a,0x7b9a,0x7b9a,0x7b9a,0x0000,0x7b9a,
    0x7b9a,0x7b9a,0x7b9a,0x7b9a,0x7b9a,0x7b9a,0x7b9a,0x62d4,0x1483,0x20e6,0x6f37,0x20e6,0x1483,0x4e30,0x7b9a,0x7b9a,
    0x7b9a,0x7b9a,0x7b9a,0x7b9a,0x7b9a,0x7b9a,0x7b9a,0x7b9a,0x0000,0x7b9a,0x7b9a,0x7b9a,0x7b9a,0x7b9a,0x7b9a,0x7b9a,
    0x7b9a,0x62d4,0x1483,0x20e6,0x7b9a,0x62d4,0x1483,0x1483,0x6af6,0x7b9a,0x7b9a,0x7b9a,0x7b9a,0x7b9a,0x7b9a,0x7b9a,
    0x7b9a,0x0000,0x0000,0x0000,0x7b9a,0x7b9a,0x7b9a,0x7b9a,0x7b9a,0x7b9a,0x7b9a,0x62d4,0x1483,0x20e6,0x7b9a,0x7b9a,
    0x356a,0x1483,0x2d49,0x7b9a,0x7b9a,0x7b9a,0x7b9a,0x7b9a,0x7b9a,0x7b9a,0x0000,0x0000,0x0000,0x0000,0x0000,0x7b9a,
    0x7b9a,0x7b9a,0x7b9a,0x7b9a,0x7b9a,0x6f37,0x4a0f,0x4e30,0x7b9a,0x7b9a,0x6f37,0x4a0f,0x4a0f,0x6f37,0x7b9a,0x7b9a,
    0x7b9a,0x7b9a,0x7b9a,0x0000,0x0000,0x0000,0x0000,0x0000,0x0000,0x0000,0x0000,0x0000,0x0000,0x7b9a,0x7b9a,0x7b9a,
    0x7b9a,0x7b9a,0x7b9a,0x7b9a,0x7b9a,0x7b9a,0x7b9a,0x7b9a,0x7b9a,0x7b9a,0x0000,0x0000,0x0000,0x0000,0x0000,0x0000,
    0x0000,0x0000,0x0000,0x0000,0x0000,0x0000,0x0000,0x7b9a,0x7b9a,0x7b9a,0x7b9a,0x7b9a,0x7b9a,0x7b9a,0x7b9a,0x7b9a,
    0x7b9a,0x7b9a,0x7b9a,0x0000,0x0000,0x0000,0x0000,0x0000,0x0000,0x0000,0x0000,0x0000,0x0000,0x0000,0x0000,0x0000,
    0x0000,0x7b9a,0x7b9a,0x7b9a,0x7b9a,0x7b9a,0x7b9a,0x7b9a,0x7b9a,0x7b9a,0x7b9a,0x7b9a,0x7b9a,0x0000,0x0000,0x0000,
    0x0000,0x0000,0x0000,0x0000,0x0000,0x0000,0x0000,0x0000,0x0000,0x0000,0x0000,0x0000,0x0000,0x0000,0x0000,0x0000,
    0x0000,0x0000,0x0000,0x0000,0x0000,0x0000,0x0000,0x0000,0x0000,0x0000,0x0000,0x0000,0x0000,0x0000,
};
static const uint16_t icon_menu[324] = {
    0x0000,0x0000,0x0000,0x0000,0x0000,0x0000,0x7b9a,0x7b9a,0x7b9a,0x7b9a,0x7b9a,0x7b9a,0x0000,0x0000,0x0000,0x0000,
    0x0000,0x0000,0x0000,0x0000,0x0000,0x0000,0x7b9a,0x7b9a,0x7b9a,0x7b9a,0x7b9a,0x7b9a,0x7b9a,0x7b9a,0x7b9a,0x7b9a,
    0x0000,0x0000,0x0000,0x0000,0x0000,0x0000,0x0000,0x7b9a,0x7b9a,0x7b9a,0x7b9a,0x7b9a,0x7b9a,0x7b9a,0x7b9a,0x7b9a,
    0x7b9a,0x7b9a,0x7b9a,0x0000,0x0000,0x0000,0x0000,0x0000,0x7b9a,0x7b9a,0x7b9a,0x7b9a,0x7b9a,0x7b9a,0x7b9a,0x7b9a,
    0x7b9a,0x7b9a,0x7b9a,0x7b9a,0x7b9a,0x7b9a,0x0000,0x0000,0x0000,0x7b9a,0x7b9a,0x7b9a,0x7b9a,0x7b9a,0x7b9a,0x7b9a,
    0x7b9a,0x7b9a,0x7b9a,0x7b9a,0x7b9a,0x7b9a,0x7b9a,0x7b9a,0x7b9a,0x0000,0x0000,0x7b9a,0x7b9a,0x7b9a,0x7b9a,0x7b9a,
    0x7b9a,0x7b9a,0x7b9a,0x7b9a,0x7b9a,0x7b9a,0x7b9a,0x7b9a,0x7b9a,0x7b9a,0x7b9a,0x0000,0x7b9a,0x7b9a,0x7b9a,0x62d4,
    0x1483,0x1483,0x1483,0x1483,0x1483,0x1483,0x1483,0x1483,0x1483,0x1483,0x62d5,0x7b9a,0x7b9a,0x7b9a,0x7b9a,0x7b9a,
    0x7b9a,0x7b9a,0x6f37,0x6f37,0x6f37,0x6f37,0x6f37,0x6f37,0x6f37,0x6f37,0x6f37,0x6f37,0x7759,0x7b9a,0x7b9a,0x7b9a,
    0x7b9a,0x7b9a,0x7b9a,0x6f37,0x5672,0x5672,0x5672,0x5672,0x5672,0x5672,0x5672,0x5672,0x5672,0x5672,0x7759,0x7b9a,
    0x7b9a,0x7b9a,0x7b9a,0x7b9a,0x7b9a,0x6af6,0x2d49,0x2d49,0x2d49,0x2d49,0x2d49,0x2d49,0x2d49,0x2d49,0x2d49,0x2d49,
    0x6af6,0x7b9a,0x7b9a,0x7b9a,0x7b9a,0x7b9a,0x7b9a,0x7b9a,0x7b9a,0x7b9a,0x7b9a,0x7b9a,0x7b9a,0x7b9a,0x7b9a,0x7b9a,
    0x7b9a,0x7b9a,0x7b9a,0x7b9a,0x7b9a,0x7b9a,0x7b9a,0x7b9a,0x7b9a,0x6af6,0x2d49,0x2d49,0x2d49,0x2d49,0x2d49,0x2d49,
    0x2d49,0x2d49,0x2d49,0x2d49,0x6af6,0x7b9a,0x7b9a,0x7b9a,0x0000,0x7b9a,0x7b9a,0x7759,0x5672,0x5672,0x5672,0x5672,
    0x5672,0x5672,0x5672,0x5672,0x5672,0x5672,0x6f37,0x7b9a,0x7b9a,0x0000,0x0000,0x7b9a,0x7b9a,0x7b9a,0x7b9a,0x7b9a,
    0x7b9a,0x7b9a,0x7b9a,0x7b9a,0x7b9a,0x7b9a,0x7b9a,0x7b9a,0x7b9a,0x7b9a,0x7b9a,0x0000,0x0000,0x0000,0x7b9a,0x7b9a,
    0x7b9a,0x7b9a,0x7b9a,0x7b9a,0x7b9a,0x7b9a,0x7b9a,0x7b9a,0x7b9a,0x7b9a,0x7b9a,0x7b9a,0x0000,0x0000,0x0000,0x0000,
    0x0000,0x7b9a,0x7b9a,0x7b9a,0x7b9a,0x7b9a,0x7b9a,0x7b9a,0x7b9a,0x7b9a,0x7b9a,0x7b9a,0x7b9a,0x0000,0x0000,0x0000,
    0x0000,0x0000,0x0000,0x0000,0x7b9a,0x7b9a,0x7b9a,0x7b9a,0x7b9a,0x7b9a,0x7b9a,0x7b9a,0x7b9a,0x7b9a,0x0000,0x0000,
    0x0000,0x0000,0x0000,0x0000,0x0000,0x0000,0x0000,0x0000,0x7b9a,0x7b9a,0x7b9a,0x7b9a,0x7b9a,0x7b9a,0x0000,0x0000,
    0x0000,0x0000,0x0000,0x0000,
};
static const uint16_t icon_view[324] = {
    0x0000,0x0000,0x0000,0x0000,0x0000,0x0000,0x7b9a,0x7b9a,0x7b9a,0x7b9a,0x7b9a,0x7b9a,0x0000,0x0000,0x0000,0x0000,
    0x0000,0x0000,0x0000,0x0000,0x0000,0x0000,0x7b9a,0x7b9a,0x7b9a,0x7b9a,0x7b9a,0x7b9a,0x7b9a,0x7b9a,0x7b9a,0x7b9a,
    0x0000,0x0000,0x0000,0x0000,0x0000,0x0000,0x0000,0x7b9a,0x7b9a,0x7b9a,0x7b9a,0x7b9a,0x7b9a,0x7b9a,0x7b9a,0x7b9a,
    0x7b9a,0x7b9a,0x7b9a,0x0000,0x0000,0x0000,0x0000,0x0000,0x7b9a,0x7b9a,0x7b9a,0x7b9a,0x7b9a,0x7b9a,0x7b9a,0x7b9a,
    0x7b9a,0x7b9a,0x7b9a,0x7b9a,0x7b9a,0x7b9a,0x0000,0x0000,0x0000,0x7b9a,0x7b9a,0x6f37,0x4a0f,0x4a0f,0x4a0f,0x4a0f,
    0x4a0f,0x4a0f,0x4a0f,0x7759,0x7b9a,0x7b9a,0x7b9a,0x7b9a,0x7b9a,0x0000,0x0000,0x7b9a,0x7b9a,0x62d4,0x18a5,0x39ac,
    0x39ac,0x39ac,0x39ac,0x39ac,0x18a4,0x62d5,0x7b9a,0x7b9a,0x7b9a,0x7b9a,0x7b9a,0x0000,0x7b9a,0x7b9a,0x7b9a,0x62d4,
    0x20e6,0x7b9a,0x7b9a,0x7b9a,0x7b9a,0x7b9a,0x20e6,0x62d5,0x7b9a,0x7b9a,0x7b9a,0x7b9a,0x7b9a,0x7b9a,0x7b9a,0x7b9a,
    0x7b9a,0x62d4,0x20e6,0x7b9a,0x7b9a,0x6f37,0x6f37,0x6f37,0x62d5,0x6af6,0x6f37,0x6f37,0x7759,0x7b9a,0x7b9a,0x7b9a,
    0x7b9a,0x7b9a,0x7b9a,0x62d4,0x20e6,0x7b9a,0x7b9a,0x20e6,0x1483,0x1483,0x1483,0x1483,0x1483,0x1483,0x39ac,0x7b9a,
    0x7b9a,0x7b9a,0x7b9a,0x7b9a,0x7b9a,0x62d4,0x18a5,0x39ac,0x62d5,0x20e6,0x62d5,0x7b9a,0x7b9a,0x7b9a,0x7b9a,0x4a0f,
    0x39ac,0x7b9a,0x7b9a,0x7b9a,0x7b9a,0x7b9a,0x7b9a,0x7759,0x4a0f,0x4a0f,0x6af6,0x20e6,0x62d5,0x7b9a,0x7b9a,0x7b9a,
    0x7b9a,0x4a0f,0x39ac,0x7b9a,0x7b9a,0x7b9a,0x7b9a,0x7b9a,0x7b9a,0x7b9a,0x7b9a,0x7b9a,0x7b9a,0x20e6,0x62d5,0x7b9a,
    0x7b9a,0x7b9a,0x7b9a,0x4a0f,0x39ac,0x7b9a,0x7b9a,0x7b9a,0x0000,0x7b9a,0x7b9a,0x7b9a,0x7b9a,0x7b9a,0x7b9a,0x20e6,
    0x4e30,0x62d5,0x62d5,0x62d5,0x62d5,0x39ac,0x39ac,0x7b9a,0x7b9a,0x0000,0x0000,0x7b9a,0x7b9a,0x7b9a,0x7b9a,0x7b9a,
    0x7b9a,0x2d49,0x20e6,0x20e6,0x20e6,0x20e6,0x20e6,0x20e6,0x4a0f,0x7b9a,0x7b9a,0x0000,0x0000,0x0000,0x7b9a,0x7b9a,
    0x7b9a,0x7b9a,0x7b9a,0x7b9a,0x7b9a,0x7b9a,0x7b9a,0x7b9a,0x7b9a,0x7b9a,0x7b9a,0x7b9a,0x0000,0x0000,0x0000,0x0000,
    0x0000,0x7b9a,0x7b9a,0x7b9a,0x7b9a,0x7b9a,0x7b9a,0x7b9a,0x7b9a,0x7b9a,0x7b9a,0x7b9a,0x7b9a,0x0000,0x0000,0x0000,
    0x0000,0x0000,0x0000,0x0000,0x7b9a,0x7b9a,0x7b9a,0x7b9a,0x7b9a,0x7b9a,0x7b9a,0x7b9a,0x7b9a,0x7b9a,0x0000,0x0000,
    0x0000,0x0000,0x0000,0x0000,0x0000,0x0000,0x0000,0x0000,0x7b9a,0x7b9a,0x7b9a,0x7b9a,0x7b9a,0x7b9a,0x0000,0x0000,
    0x0000,0x0000,0x0000,0x0000,
};
enum { ICON_A_COLOR, ICON_B_COLOR, ICON_X_COLOR, ICON_Y_COLOR, ICON_A_SOLID, ICON_B_SOLID, ICON_X_SOLID, ICON_Y_SOLID, ICON_A_OUTLINE, ICON_B_OUTLINE, ICON_X_OUTLINE, ICON_Y_OUTLINE, ICON_LB, ICON_RB, ICON_LT, ICON_RT, ICON_DPAD, ICON_DPAD_LEFT, ICON_DPAD_UP, ICON_DPAD_RIGHT, ICON_DPAD_DOWN, ICON_RIGHT_STICK_ALL, ICON_LEFT_STICK_ALL, ICON_LEFT_STICK_ROUND, ICON_RIGHT_STICK_ROUND, ICON_LEFT_STICK_UP, ICON_RIGHT_STICK_UP, ICON_LEFT_STICK_DOWN, ICON_RIGHT_STICK_DOWN, ICON_LEFT_STICK_RIGHT, ICON_RIGHT_STICK_RIGHT, ICON_LEFT_STICK_LEFT, ICON_RIGHT_STICK_LEFT, ICON_LEFT_STICK, ICON_RIGHT_STICK, ICON_LEFT_STICK_PRESS, ICON_RIGHT_STICK_PRESS, ICON_MENU, ICON_VIEW };
static const Bof3PromptIcon prompt_icons[] = {
    {18,18,icon_a_color},
    {18,18,icon_b_color},
    {18,18,icon_x_color},
    {18,18,icon_y_color},
    {18,18,icon_a_solid},
    {18,18,icon_b_solid},
    {18,18,icon_x_solid},
    {18,18,icon_y_solid},
    {18,18,icon_a_outline},
    {18,18,icon_b_outline},
    {18,18,icon_x_outline},
    {18,18,icon_y_outline},
    {29,18,icon_lb},
    {30,18,icon_rb},
    {25,24,icon_lt},
    {24,24,icon_rt},
    {18,18,icon_dpad},
    {18,18,icon_dpad_left},
    {18,18,icon_dpad_up},
    {18,18,icon_dpad_right},
    {18,18,icon_dpad_down},
    {26,26,icon_right_stick_all},
    {26,26,icon_left_stick_all},
    {18,19,icon_left_stick_round},
    {18,19,icon_right_stick_round},
    {18,22,icon_left_stick_up},
    {18,22,icon_right_stick_up},
    {18,22,icon_left_stick_down},
    {18,22,icon_right_stick_down},
    {23,19,icon_left_stick_right},
    {23,19,icon_right_stick_right},
    {22,19,icon_left_stick_left},
    {22,19,icon_right_stick_left},
    {26,19,icon_left_stick},
    {26,19,icon_right_stick},
    {26,19,icon_left_stick_press},
    {26,19,icon_right_stick_press},
    {18,18,icon_menu},
    {18,18,icon_view},
};
static const uint16_t prompt_scratch_original[1024] = {
    0x0000,0x0000,0x0000,0x0000,0x0000,0x0000,0x0000,0x0000,0x2290,0x0922,0x2290,0x0922,0x0000,0x0000,0x0000,0x0000,
    0x0000,0x0053,0x3500,0x0000,0x0000,0x0000,0x3000,0x0000,0x0000,0x0000,0x0000,0x0000,0x0000,0x0000,0x0000,0x0000,
    0x0000,0x0000,0x2500,0x0005,0x0000,0x0000,0x0000,0x0000,0x0039,0x9300,0x0039,0x9300,0x2250,0x0005,0x0000,0x0000,
    0x3000,0x0005,0x5000,0x0003,0x0035,0x0530,0x3000,0x0000,0x0000,0x0000,0x0000,0x0000,0x0000,0x0000,0x0000,0x0400,
    0x0000,0x0000,0x2300,0x0003,0x0000,0x0000,0x0000,0x0000,0x6202,0x2046,0x6602,0x2066,0x0020,0x0052,0x0000,0x0000,
    0x3000,0x0000,0x0000,0x0003,0x0350,0x0053,0x3000,0x0000,0x0000,0x0000,0x0000,0x0000,0x0000,0x0000,0x0000,0x0530,
    0x0000,0x0000,0x2300,0x0003,0x0000,0x0000,0x0000,0x0000,0x0602,0x2000,0x0602,0x2064,0x0020,0x0000,0x0000,0x0000,
    0x3000,0x0000,0x0000,0x0003,0x3500,0x0005,0x3335,0x0533,0x0000,0x0000,0x0000,0x0000,0x0000,0x0000,0x0000,0x0053,
    0x0000,0x0000,0x2600,0x0006,0x0000,0x0000,0x0000,0x0000,0x0602,0x2000,0x4602,0x2046,0x0226,0x0000,0x0000,0x0000,
    0x3000,0x0000,0x0000,0x0003,0x5300,0x0003,0x3000,0x0000,0x6000,0x0003,0x3330,0x0533,0x0000,0x0000,0x3000,0x0005,
    0x0000,0x0000,0x3000,0x0000,0x0000,0x0000,0x0000,0x0000,0x6202,0x2046,0x1602,0x2060,0x0052,0x0002,0x0000,0x0000,
    0x3000,0x0005,0x5000,0x0003,0x0530,0x0035,0x3000,0x0000,0x5000,0x0000,0x0000,0x0000,0x0000,0x0000,0x5300,0x0000,
    0x0000,0x0000,0x0000,0x0000,0x0000,0x0000,0x0000,0x0000,0x0039,0x9300,0x0039,0x9300,0x0052,0x0225,0x0000,0x0000,
    0x0000,0x0053,0x3500,0x0000,0x0055,0x0550,0x3000,0x0000,0x0000,0x0000,0x0000,0x0000,0x0540,0x0000,0x0540,0x0000,
    0x0000,0x0000,0x2000,0x0006,0x0000,0x0000,0x0000,0x0000,0x2290,0x0922,0x2290,0x0922,0x2226,0x0062,0x0000,0x0000,
    0x0000,0x0000,0x0000,0x0000,0x0000,0x0000,0x0000,0x0000,0x0000,0x0000,0x0000,0x0000,0x0000,0x0000,0x0000,0x0000,
    0x0000,0x0000,0x0000,0x0000,0x0000,0x0000,0x0000,0x0000,0x0000,0x0000,0x0000,0x0000,0x0000,0x0000,0x0000,0x0000,
    0x0000,0x0000,0x0000,0x0000,0x0000,0x0000,0x0000,0x0000,0x0000,0x0000,0x0000,0x0000,0x0000,0x0000,0x0000,0x0000,
    0x2500,0x0005,0x2000,0x0000,0x2225,0x0006,0x2250,0x0005,0x2225,0x0005,0x2225,0x0052,0x2225,0x0052,0x2250,0x0005,
    0x0025,0x0025,0x2500,0x0000,0x0000,0x0025,0x0025,0x0020,0x0025,0x0000,0x0062,0x0026,0x0525,0x0025,0x2250,0x0005,
    0x2300,0x0003,0x2500,0x0005,0x0025,0x0002,0x0025,0x0052,0x0025,0x0052,0x0025,0x0000,0x0025,0x0000,0x0025,0x0052,
    0x0025,0x0025,0x2500,0x0000,0x0000,0x0025,0x0025,0x0052,0x0025,0x0000,0x0032,0x0023,0x0325,0x0025,0x0025,0x0052,
    0x2300,0x0003,0x5200,0x0002,0x0025,0x0002,0x0042,0x0000,0x0025,0x0025,0x0025,0x0000,0x0025,0x0000,0x0042,0x0000,
    0x0025,0x0025,0x2500,0x0000,0x0000,0x0025,0x2025,0x0005,0x0025,0x0000,0x5522,0x0022,0x5225,0x0025,0x0042,0x0024,
    0x2600,0x0006,0x0250,0x0052,0x2225,0x0005,0x0042,0x0000,0x0025,0x0025,0x2225,0x0003,0x2225,0x0003,0x2042,0x0022,
    0x2225,0x0022,0x2500,0x0000,0x0000,0x0025,0x2225,0x0000,0x0025,0x0000,0x2252,0x0025,0x2625,0x0025,0x0042,0x0024,
    0x3000,0x0000,0x2240,0x0042,0x0025,0x0052,0x0042,0x0000,0x0025,0x0025,0x0025,0x0000,0x0025,0x0000,0x0042,0x0020,
    0x0025,0x0025,0x2500,0x0000,0x0025,0x0025,0x5025,0x0002,0x0025,0x0000,0x3302,0x0020,0x6025,0x0022,0x0042,0x0024,
    0x0000,0x0000,0x0026,0x0620,0x0025,0x0052,0x0025,0x0052,0x0025,0x0052,0x0025,0x0000,0x0025,0x0000,0x0025,0x0022,
    0x0025,0x0025,0x2500,0x0000,0x0625,0x0024,0x0025,0x0034,0x0025,0x0000,0x0002,0x0020,0x0025,0x0024,0x0025,0x0052,
    0x2000,0x0006,0x0025,0x0520,0x2225,0x0005,0x2250,0x0005,0x2225,0x0005,0x2225,0x0052,0x0025,0x0000,0x2250,0x0025,
    0x0025,0x0025,0x2500,0x0000,0x2260,0x0062,0x0025,0x0020,0x2225,0x0052,0x0002,0x0020,0x0025,0x0025,0x2250,0x0005,
    0x0000,0x0000,0x0000,0x0000,0x0000,0x0000,0x0000,0x0000,0x0000,0x0000,0x0000,0x0000,0x0000,0x0000,0x0000,0x0000,
    0x0000,0x0000,0x0000,0x0000,0x0000,0x0000,0x0000,0x0000,0x0000,0x0000,0x0000,0x0000,0x0000,0x0000,0x0000,0x0000,
    0x0002,0x0000,0x0002,0x0000,0x4223,0x0000,0x4223,0x0000,0x0000,0x0000,0x0000,0x0000,0x0000,0x0000,0x0000,0x0000,
    0x0000,0x0000,0x0000,0x0000,0x0000,0x0000,0x0000,0x0000,0x0000,0x0000,0x0000,0x0000,0x0000,0x0000,0x0000,0x0000,
    0x0002,0x0000,0x0002,0x0000,0x2003,0x0000,0x2003,0x0000,0x3534,0x3033,0x4300,0x3335,0x5534,0x4533,0x3400,0x5345,
    0x0333,0x0000,0x0000,0x0000,0x0000,0x0000,0x0000,0x0000,0x0000,0x0000,0x0000,0x0000,0x0000,0x0000,0x0000,0x0000,
    0x0002,0x0030,0x0002,0x0522,0x2003,0x0030,0x2003,0x5220,0x0004,0x3503,0x0305,0x0304,0x0003,0x4004,0x0400,0x3030,
    0x0040,0x0000,0x0000,0x0000,0x0000,0x0000,0x0000,0x0000,0x0000,0x0000,0x0000,0x0000,0x0000,0x0000,0x0000,0x0000,
    0x0002,0x0030,0x0002,0x0200,0x4223,0x0030,0x4223,0x2000,0x0035,0x0403,0x0304,0x0304,0x0035,0x4034,0x3400,0x0030,
    0x0040,0x0000,0x0000,0x0000,0x0000,0x0000,0x0000,0x0000,0x0000,0x0000,0x0000,0x0000,0x0000,0x0000,0x0000,0x0000,
    0x0002,0x0030,0x0002,0x0520,0x0203,0x0030,0x0203,0x5200,0x0300,0x0403,0x4304,0x0300,0x0300,0x4004,0x0400,0x0030,
    0x0040,0x0000,0x0000,0x0000,0x0000,0x0000,0x0000,0x0000,0x0000,0x0000,0x0000,0x0000,0x0000,0x0000,0x0000,0x0000,
    0x0002,0x0030,0x0002,0x0002,0x2003,0x0030,0x2003,0x0020,0x0303,0x3403,0x0304,0x0304,0x0303,0x4004,0x0400,0x3030,
    0x0040,0x0000,0x0000,0x0000,0x0000,0x0000,0x0000,0x0000,0x0000,0x0000,0x0000,0x0000,0x0000,0x0000,0x0000,0x0000,
    0x2222,0x0030,0x0332,0x0222,0x2003,0x0030,0x3003,0x2220,0x0534,0x0403,0x0304,0x0304,0x5534,0x3433,0x3433,0x5345,
    0x0040,0x0000,0x0000,0x0000,0x0000,0x0000,0x0000,0x0000,0x0000,0x0000,0x0000,0x0000,0x0000,0x0000,0x0000,0x0000,
    0x0000,0x3330,0x0733,0x0000,0x0000,0x0000,0x0000,0x0000,0x0000,0x0000,0x0000,0x0000,0x0000,0x0000,0x0000,0x0000,
    0x0000,0x0000,0x0000,0x0000,0x0000,0x0000,0x0000,0x0000,0x0000,0x0000,0x0000,0x0000,0x0000,0x0000,0x0000,0x0000,
    0x0000,0x7730,0x0777,0x0000,0x0000,0x0000,0x0000,0x0000,0x0000,0x0000,0x0000,0x0000,0x0000,0x0000,0x0000,0x0000,
    0x0000,0x7200,0x2000,0x7211,0x0000,0x0000,0x0712,0x0000,0x2000,0x7311,0x0000,0x1000,0x7311,0x0000,0x0000,0x7100,
    0x0000,0x0730,0x0000,0x0000,0x0000,0x0000,0x0000,0x0000,0x0000,0x0000,0x0000,0x0000,0x0000,0x0000,0x0000,0x0000,
    0x0000,0x7520,0x3200,0x2477,0x0007,0x2400,0x0711,0x0000,0x4200,0x2477,0x0007,0x6100,0x2577,0x0007,0x0000,0x7120,
    0x0000,0x0730,0x0000,0x0000,0x0000,0x0000,0x0000,0x0000,0x0000,0x0000,0x0000,0x0000,0x0000,0x0000,0x0000,0x0000,
    0x0000,0x0752,0x7340,0x3000,0x0074,0x7700,0x0716,0x0000,0x7140,0x1000,0x0007,0x7600,0x1000,0x0005,0x0000,0x7112,
    0x0000,0x0730,0x0000,0x0000,0x0000,0x0000,0x0000,0x0000,0x0000,0x0000,0x0000,0x0000,0x0000,0x0000,0x0000,0x0000,
    0x2000,0x0075,0x0610,0x0000,0x0071,0x0000,0x0710,0x0000,0x7700,0x2400,0x0007,0x0000,0x2000,0x0006,0x3000,0x7161,
    0x0000,0x0770,0x0000,0x0000,0x0000,0x0000,0x0000,0x0000,0x0000,0x2240,0x2222,0x7422,0x0000,0x0000,0x0000,0x0000,
    0x5200,0x0007,0x0710,0x0000,0x0071,0x0000,0x0710,0x0000,0x0000,0x5140,0x0007,0x0000,0x5111,0x0000,0x1400,0x7107,
    0x0000,0x0000,0x0000,0x0000,0x7300,0x0000,0x0000,0x0000,0x0000,0x7770,0x7777,0x7777,0x0000,0x0000,0x0000,0x0000,
    0x7520,0x0000,0x0710,0x0000,0x0071,0x0000,0x0710,0x0000,0x0000,0x7410,0x0000,0x0000,0x2577,0x0006,0x7140,0x7100,
    0x0000,0x0000,0x0000,0x0000,0x7300,0x0000,0x0000,0x0000,0x0000,0x0000,0x0000,0x0000,0x0000,0x0000,0x0000,0x0000,
    0x0752,0x0000,0x0610,0x0000,0x0071,0x0000,0x0710,0x0000,0x0000,0x0751,0x0000,0x0000,0x1000,0x0005,0x7140,0x7100,
};
static const uint16_t prompt_palettes_original[256] = {
    0x0000,0x6739,0x5ef7,0x5294,0x4631,0x35ad,0x2108,0x1084,0x0400,0x77bf,0x439f,0x071f,0x1e7d,0x31ba,0x4918,0x2cce,
    0x0000,0x7652,0x61d1,0x518e,0x494d,0x492d,0x3446,0x10a4,0x0000,0x77bf,0x7f9f,0x6fbb,0x5ff6,0x6b6d,0x72c4,0x5a23,
    0x0000,0x39d9,0x3196,0x2954,0x2131,0x18ef,0x14cd,0x10a4,0x0000,0x637b,0x4ed6,0x4273,0x29ad,0x071f,0x1508,0x0c84,
    0x0000,0x7b6f,0x6eec,0x628a,0x5607,0x49a5,0x3d43,0x10a4,0x0000,0x3197,0x2551,0xe198,0x29e7,0x0d85,0x69ad,0x44e7,
    0x0000,0x2f9c,0x2339,0x12b5,0x2652,0x1dce,0x0d29,0x0c82,0x0000,0x4148,0x4148,0x4148,0x4148,0x4148,0x4148,0x4148,
    0x0000,0x621d,0x5199,0x4536,0x34d2,0x286f,0x1c0c,0x1084,0x0000,0x0d31,0x1e7d,0x55e2,0x5ff6,0x6b6d,0x72c4,0x19b8,
    0x0000,0x230d,0x1a89,0x1227,0x0dc4,0x0562,0x0120,0x1084,0x0000,0x18d0,0x0c8a,0xb4ae,0x1943,0x10e1,0x44c6,0x2842,
    0x0000,0x35ae,0x318d,0x2d6c,0x252a,0x18c7,0x0c64,0x0843,0x0000,0x4a53,0x6318,0x0000,0x0000,0x0000,0x0000,0x0000,
    0x0000,0x6f7b,0x6f58,0x72b4,0x7230,0x2d0a,0x28c8,0x4f4f,0x55ce,0x3a8d,0x0cce,0x0d31,0x0994,0x0a17,0x0a7a,0x2f9c,
    0x0000,0x6f7b,0x6f58,0x72b4,0x7230,0x2d0a,0x28c8,0x4f4f,0x3a8d,0x25ea,0x14cd,0x2112,0x2557,0x2f9c,0x1e7a,0x1159,
    0x0000,0x2cc6,0x2ca5,0x2884,0x2863,0x2442,0x1c42,0x1421,0xc148,0xc148,0xc148,0xc148,0xc148,0xc148,0xd16b,0xbd29,
    0x0000,0xeb5a,0xb476,0x982b,0x9447,0xf976,0xc4ad,0xa446,0x8400,0x39f0,0x296c,0x0000,0x0000,0x0000,0x0000,0x0000,
    0x0000,0x839b,0x8239,0x8195,0x810e,0xeb5a,0xca52,0xad6b,0x9084,0x992d,0x90c9,0xdd3f,0xa4b4,0x800d,0x8400,0x7fff,
    0x0000,0xf335,0xcf1a,0xd655,0xc9b1,0xc94e,0xa8c9,0xa0a6,0xae0d,0xa1aa,0x9527,0x8cc5,0x9548,0x9548,0x90c7,0x0000,
    0x0000,0x9084,0x992d,0x90c9,0xeb5a,0x7929,0x7c28,0x4c03,0x2f24,0x15e2,0x0101,0xdad6,0xa529,0x98c6,0x98c6,0x8c63,
    0x0000,0x8c63,0x9084,0x94a5,0x98c6,0x9ce7,0xa108,0x4148,0x4148,0x4148,0x4148,0x4148,0x4148,0x4148,0x4148,0x4148,
};
static const uint16_t prompt_tile_0[16] = {
    0x0007,0x0700,0x00fe,0x0e70,0x0fe7,0x0fe7,0xfe70,0x00fe,0xe700,0x000f,0xfe70,0x00fe,0x0fe7,0x0fe7,0x00fe,0x0e70,
};
static const uint16_t prompt_tile_1[16] = {
    0x7000,0x0000,0xc700,0x0007,0xcd00,0x000d,0xdc70,0x007c,0x7cd0,0x00dc,0x0dc7,0x07cd,0x07cd,0x0dc7,0xcccc,0x0ccc,
};
static const uint16_t prompt_tile_2[16] = {
    0x7770,0x0077,0x99a7,0x07a9,0x779a,0x0a97,0x0079,0x0970,0x0079,0x0970,0x0079,0x0970,0x779a,0x0a97,0x99a7,0x07a9,
};
static const uint16_t prompt_tile_3[16] = {
    0x0000,0x0000,0xbbbb,0x0bbb,0x777b,0x0b77,0x007b,0x0b70,0x007b,0x0b70,0x007b,0x0b70,0x777b,0x0b77,0xbbbb,0x0bbb,
};
static const uint16_t prompt_tile_4[16] = {
    0x0000,0x0000,0x0002,0x0000,0x0002,0x0000,0x0002,0x0030,0x0002,0x0030,0x0002,0x0030,0x0002,0x0030,0x2222,0x0030,
};
static const uint16_t prompt_tile_5[16] = {
    0x0000,0x0000,0x0002,0x0000,0x0002,0x0000,0x0002,0x0522,0x0002,0x0200,0x0002,0x0520,0x0002,0x0002,0x0332,0x0222,
};
static const uint16_t prompt_tile_6[16] = {
    0x0000,0x0000,0x4223,0x0000,0x2003,0x0000,0x2003,0x0030,0x4223,0x0030,0x0203,0x0030,0x2003,0x0030,0x2003,0x0030,
};
static const uint16_t prompt_tile_7[16] = {
    0x0000,0x0000,0x4223,0x0000,0x2003,0x0000,0x2003,0x5220,0x4223,0x2000,0x0203,0x5200,0x2003,0x0020,0x3003,0x2220,
};
static const uint16_t prompt_tile_8[16] = {
    0x0000,0x0000,0x0000,0x0000,0x3534,0x3033,0x0004,0x3503,0x0035,0x0403,0x0300,0x0403,0x0303,0x3403,0x0534,0x0403,
};
static const uint16_t prompt_tile_9[16] = {
    0x0000,0x0000,0x0000,0x0000,0x4300,0x3335,0x0305,0x0304,0x0304,0x0304,0x4304,0x0300,0x0304,0x0304,0x0304,0x0304,
};
static const uint16_t prompt_tile_10[16] = {
    0x0000,0x0000,0x0000,0x0000,0x5534,0x4533,0x0003,0x4004,0x0035,0x4034,0x0300,0x4004,0x0303,0x4004,0x5534,0x3433,
};
static const uint16_t prompt_tile_11[16] = {
    0x0000,0x0000,0x0000,0x0000,0x3400,0x5345,0x0400,0x3030,0x3400,0x0030,0x0400,0x0030,0x0400,0x3030,0x3433,0x5345,
};
static const uint16_t prompt_tile_12[16] = {
    0x0000,0x0000,0x0000,0x0000,0x0333,0x0000,0x0040,0x0000,0x0040,0x0000,0x0040,0x0000,0x0040,0x0000,0x0040,0x0000,
};
static const uint16_t prompt_tile_13[16] = {
    0x0007,0x0700,0x00fe,0x0e70,0x0fe7,0x0fe7,0xfe70,0x00fe,0xe700,0x000f,0xfe70,0x00fe,0x0fe7,0x0fe7,0x00fe,0x0e70,
};
static const uint16_t prompt_tile_14[16] = {
    0x7000,0x0000,0xc700,0x0007,0xcd00,0x000d,0xdc70,0x007c,0x7cd0,0x00dc,0x0dc7,0x07cd,0x07cd,0x0dc7,0xcccc,0x0ccc,
};
static const uint16_t prompt_tile_15[16] = {
    0x7770,0x0077,0x99a7,0x07a9,0x779a,0x0a97,0x0079,0x0970,0x0079,0x0970,0x0079,0x0970,0x779a,0x0a97,0x99a7,0x07a9,
};
static const uint16_t prompt_tile_16[16] = {
    0x0000,0x0000,0xbbbb,0x0bbb,0x777b,0x0b77,0x007b,0x0b70,0x007b,0x0b70,0x007b,0x0b70,0x777b,0x0b77,0xbbbb,0x0bbb,
};
typedef struct Bof3PromptGlyph { int u,v,logical,part; const uint16_t *original; } Bof3PromptGlyph;
static const Bof3PromptGlyph prompt_glyphs[] = {
    {232,0,4,0,prompt_tile_0},
    {224,0,7,0,prompt_tile_1},
    {216,0,5,0,prompt_tile_2},
    {240,0,6,0,prompt_tile_3},
    {0,16,8,0,prompt_tile_4},
    {8,16,10,0,prompt_tile_5},
    {16,16,9,0,prompt_tile_6},
    {24,16,11,0,prompt_tile_7},
    {32,16,14,0,prompt_tile_8},
    {40,16,14,1,prompt_tile_9},
    {48,16,15,0,prompt_tile_10},
    {56,16,15,1,prompt_tile_11},
    {64,16,15,2,prompt_tile_12},
    {152,136,4,0,prompt_tile_13},
    {160,136,7,0,prompt_tile_14},
    {144,136,5,0,prompt_tile_15},
    {168,136,6,0,prompt_tile_16},
};
